{
"meta":{"test_sets":[],"test_metrics":[],"learn_metrics":[{"best_value":"Min","name":"Logloss"}],"launch_mode":"Train","parameters":"","iteration_count":1000,"learn_sets":["learn"],"name":"experiment"},
"iterations":[
{"learn":[0.6866480259],"iteration":0,"passed_time":0.1479095072,"remaining_time":147.7615977},
{"learn":[0.6800388845],"iteration":1,"passed_time":0.1509303782,"remaining_time":75.31425875},
{"learn":[0.6733766054],"iteration":2,"passed_time":0.1544663168,"remaining_time":51.33430594},
{"learn":[0.6675550404],"iteration":3,"passed_time":0.1577256225,"remaining_time":39.27368001},
{"learn":[0.6619816662],"iteration":4,"passed_time":0.1610632325,"remaining_time":32.05158328},
{"learn":[0.6558893808],"iteration":5,"passed_time":0.1643266723,"remaining_time":27.22345204},
{"learn":[0.6489990644],"iteration":6,"passed_time":0.1673597168,"remaining_time":23.74117125},
{"learn":[0.6430490259],"iteration":7,"passed_time":0.1706444546,"remaining_time":21.15991237},
{"learn":[0.6367373469],"iteration":8,"passed_time":0.1738236329,"remaining_time":19.13991335},
{"learn":[0.6303367617],"iteration":9,"passed_time":0.1768606057,"remaining_time":17.50919997},
{"learn":[0.6245737154],"iteration":10,"passed_time":0.1798707969,"remaining_time":16.17201983},
{"learn":[0.618995538],"iteration":11,"passed_time":0.1831256305,"remaining_time":15.07734358},
{"learn":[0.6137297588],"iteration":12,"passed_time":0.1861636778,"remaining_time":14.13411923},
{"learn":[0.6085301409],"iteration":13,"passed_time":0.1896712044,"remaining_time":13.35827197},
{"learn":[0.6045566064],"iteration":14,"passed_time":0.1927781812,"remaining_time":12.65910056},
{"learn":[0.5991874922],"iteration":15,"passed_time":0.195966842,"remaining_time":12.05196079},
{"learn":[0.5945888198],"iteration":16,"passed_time":0.1990541748,"remaining_time":11.51001493},
{"learn":[0.5901900975],"iteration":17,"passed_time":0.2023172606,"remaining_time":11.03753055},
{"learn":[0.586272162],"iteration":18,"passed_time":0.2210548617,"remaining_time":11.41341154},
{"learn":[0.5820026534],"iteration":19,"passed_time":0.2237595209,"remaining_time":10.96421652},
{"learn":[0.5785685092],"iteration":20,"passed_time":0.2265877067,"remaining_time":10.56330309},
{"learn":[0.5745818658],"iteration":21,"passed_time":0.2294558299,"remaining_time":10.20035462},
{"learn":[0.5707766419],"iteration":22,"passed_time":0.2323508154,"remaining_time":9.86985855},
{"learn":[0.5669084004],"iteration":23,"passed_time":0.2352264759,"remaining_time":9.565876688},
{"learn":[0.5636183373],"iteration":24,"passed_time":0.238231762,"remaining_time":9.291038718},
{"learn":[0.559765486],"iteration":25,"passed_time":0.2413941837,"remaining_time":9.042997498},
{"learn":[0.5546155757],"iteration":26,"passed_time":0.244062964,"remaining_time":8.795306074},
{"learn":[0.5504088007],"iteration":27,"passed_time":0.2466991411,"remaining_time":8.563984469},
{"learn":[0.5457676223],"iteration":28,"passed_time":0.2494952031,"remaining_time":8.353787664},
{"learn":[0.5424375705],"iteration":29,"passed_time":0.2523256023,"remaining_time":8.158527809},
{"learn":[0.5393297883],"iteration":30,"passed_time":0.2550794496,"remaining_time":7.973289891},
{"learn":[0.535561718],"iteration":31,"passed_time":0.2578253839,"remaining_time":7.799217862},
{"learn":[0.5319880825],"iteration":32,"passed_time":0.2612233396,"remaining_time":7.654635437},
{"learn":[0.5298214973],"iteration":33,"passed_time":0.2635169666,"remaining_time":7.486982052},
{"learn":[0.5263465873],"iteration":34,"passed_time":0.2668805144,"remaining_time":7.35827704},
{"learn":[0.5229430196],"iteration":35,"passed_time":0.2698836648,"remaining_time":7.226884801},
{"learn":[0.5190542548],"iteration":36,"passed_time":0.2727611331,"remaining_time":7.099161382},
{"learn":[0.5157416899],"iteration":37,"passed_time":0.2763931433,"remaining_time":6.997110629},
{"learn":[0.513194239],"iteration":38,"passed_time":0.2793932348,"remaining_time":6.884535862},
{"learn":[0.5098964682],"iteration":39,"passed_time":0.2828780457,"remaining_time":6.789073098},
{"learn":[0.5069065064],"iteration":40,"passed_time":0.2857970968,"remaining_time":6.684863801},
{"learn":[0.5040153256],"iteration":41,"passed_time":0.2887479461,"remaining_time":6.586203152},
{"learn":[0.5005479342],"iteration":42,"passed_time":0.2914646776,"remaining_time":6.486783639},
{"learn":[0.4976991798],"iteration":43,"passed_time":0.2942454488,"remaining_time":6.393151115},
{"learn":[0.4940483282],"iteration":44,"passed_time":0.2971940263,"remaining_time":6.30711767},
{"learn":[0.4909830964],"iteration":45,"passed_time":0.2997649731,"remaining_time":6.216864877},
{"learn":[0.4887013906],"iteration":46,"passed_time":0.3024771761,"remaining_time":6.133207422},
{"learn":[0.4861039124],"iteration":47,"passed_time":0.3050815187,"remaining_time":6.050783453},
{"learn":[0.4835106427],"iteration":48,"passed_time":0.3080281794,"remaining_time":5.978261195},
{"learn":[0.4810449688],"iteration":49,"passed_time":0.3110158251,"remaining_time":5.909300677},
{"learn":[0.479348112],"iteration":50,"passed_time":0.3138219872,"remaining_time":5.839550311},
{"learn":[0.4771299479],"iteration":51,"passed_time":0.3164966459,"remaining_time":5.769977314},
{"learn":[0.4745608876],"iteration":52,"passed_time":0.3191134834,"remaining_time":5.701895637},
{"learn":[0.4714152603],"iteration":53,"passed_time":0.3218218455,"remaining_time":5.63784196},
{"learn":[0.468570344],"iteration":54,"passed_time":0.3244549866,"remaining_time":5.574726588},
{"learn":[0.4657162693],"iteration":55,"passed_time":0.3271321425,"remaining_time":5.51451326},
{"learn":[0.4634414804],"iteration":56,"passed_time":0.3300265284,"remaining_time":5.459912566},
{"learn":[0.4607844023],"iteration":57,"passed_time":0.3329324692,"remaining_time":5.407282517},
{"learn":[0.4578767972],"iteration":58,"passed_time":0.3356959064,"remaining_time":5.354065219},
{"learn":[0.4555028892],"iteration":59,"passed_time":0.3385595785,"remaining_time":5.304100064},
{"learn":[0.4531774609],"iteration":60,"passed_time":0.3417395237,"remaining_time":5.26054775},
{"learn":[0.4512290566],"iteration":61,"passed_time":0.344594029,"remaining_time":5.213374181},
{"learn":[0.4491452228],"iteration":62,"passed_time":0.3472084567,"remaining_time":5.164036888},
{"learn":[0.4468211675],"iteration":63,"passed_time":0.3498556015,"remaining_time":5.116638172},
{"learn":[0.4441268796],"iteration":64,"passed_time":0.3525134993,"remaining_time":5.070771105},
{"learn":[0.4414434678],"iteration":65,"passed_time":0.3553758366,"remaining_time":5.029106536},
{"learn":[0.4391046434],"iteration":66,"passed_time":0.3580348884,"remaining_time":4.985769416},
{"learn":[0.4374998365],"iteration":67,"passed_time":0.3608709376,"remaining_time":4.946054616},
{"learn":[0.4349715766],"iteration":68,"passed_time":0.3635813708,"remaining_time":4.905713858},
{"learn":[0.4334697958],"iteration":69,"passed_time":0.366269952,"remaining_time":4.866157934},
{"learn":[0.4315294243],"iteration":70,"passed_time":0.3690029373,"remaining_time":4.828221532},
{"learn":[0.4293009705],"iteration":71,"passed_time":0.371705538,"remaining_time":4.790871378},
{"learn":[0.4268378193],"iteration":72,"passed_time":0.3743357936,"remaining_time":4.75355179},
{"learn":[0.4247071347],"iteration":73,"passed_time":0.3771096238,"remaining_time":4.718966374},
{"learn":[0.4232572329],"iteration":74,"passed_time":0.3797763031,"remaining_time":4.683907738},
{"learn":[0.4218787959],"iteration":75,"passed_time":0.3825535107,"remaining_time":4.651045314},
{"learn":[0.4197515321],"iteration":76,"passed_time":0.3852042408,"remaining_time":4.617448237},
{"learn":[0.4179657328],"iteration":77,"passed_time":0.3879092582,"remaining_time":4.58528636},
{"learn":[0.4157917493],"iteration":78,"passed_time":0.3905843861,"remaining_time":4.553521767},
{"learn":[0.4137496099],"iteration":79,"passed_time":0.3932370427,"remaining_time":4.522225991},
{"learn":[0.4116650071],"iteration":80,"passed_time":0.3959697415,"remaining_time":4.492545585},
{"learn":[0.4101222717],"iteration":81,"passed_time":0.3986570934,"remaining_time":4.463014778},
{"learn":[0.4074134599],"iteration":82,"passed_time":0.4014043052,"remaining_time":4.434792143},
{"learn":[0.405492254],"iteration":83,"passed_time":0.4041127682,"remaining_time":4.40675352},
{"learn":[0.4038925923],"iteration":84,"passed_time":0.4067762554,"remaining_time":4.378826749},
{"learn":[0.4023386332],"iteration":85,"passed_time":0.4098278359,"remaining_time":4.355612116},
{"learn":[0.4008302558],"iteration":86,"passed_time":0.4131000749,"remaining_time":4.335176648},
{"learn":[0.3985528454],"iteration":87,"passed_time":0.4158042281,"remaining_time":4.309243819},
{"learn":[0.3969299858],"iteration":88,"passed_time":0.4184735547,"remaining_time":4.283476498},
{"learn":[0.3951108352],"iteration":89,"passed_time":0.4210834783,"remaining_time":4.257621836},
{"learn":[0.3934958228],"iteration":90,"passed_time":0.4236769253,"remaining_time":4.232113463},
{"learn":[0.3909338603],"iteration":91,"passed_time":0.4262490981,"remaining_time":4.206893273},
{"learn":[0.3888783187],"iteration":92,"passed_time":0.4289448213,"remaining_time":4.183365085},
{"learn":[0.386914903],"iteration":93,"passed_time":0.4315233917,"remaining_time":4.159150989},
{"learn":[0.3848103945],"iteration":94,"passed_time":0.4341434237,"remaining_time":4.135787352},
{"learn":[0.3833291287],"iteration":95,"passed_time":0.4368490879,"remaining_time":4.113662244},
{"learn":[0.3819475224],"iteration":96,"passed_time":0.4395122771,"remaining_time":4.091542126},
{"learn":[0.3810273058],"iteration":97,"passed_time":0.4420908949,"remaining_time":4.069040686},
{"learn":[0.3792876204],"iteration":98,"passed_time":0.4446353533,"remaining_time":4.046630842},
{"learn":[0.3778249984],"iteration":99,"passed_time":0.4472395828,"remaining_time":4.025156245},
{"learn":[0.3764183716],"iteration":100,"passed_time":0.4498203522,"remaining_time":4.003846501},
{"learn":[0.3752219912],"iteration":101,"passed_time":0.4523731954,"remaining_time":3.982658132},
{"learn":[0.3735405414],"iteration":102,"passed_time":0.4549398897,"remaining_time":3.961952244},
{"learn":[0.3722483774],"iteration":103,"passed_time":0.457604512,"remaining_time":3.942438873},
{"learn":[0.3706443374],"iteration":104,"passed_time":0.4601661177,"remaining_time":3.922368337},
{"learn":[0.3687683056],"iteration":105,"passed_time":0.4626510584,"remaining_time":3.901981568},
{"learn":[0.3670298909],"iteration":106,"passed_time":0.4651693872,"remaining_time":3.882208064},
{"learn":[0.3655910575],"iteration":107,"passed_time":0.4677586459,"remaining_time":3.863339928},
{"learn":[0.3643155337],"iteration":108,"passed_time":0.4703458271,"remaining_time":3.844753504},
{"learn":[0.3632350011],"iteration":109,"passed_time":0.4729633789,"remaining_time":3.826703702},
{"learn":[0.3615950977],"iteration":110,"passed_time":0.4754660048,"remaining_time":3.808011516},
{"learn":[0.3595874382],"iteration":111,"passed_time":0.4781377109,"remaining_time":3.790948994},
{"learn":[0.3584638444],"iteration":112,"passed_time":0.4806326084,"remaining_time":3.772753307},
{"learn":[0.3571056875],"iteration":113,"passed_time":0.4832574947,"remaining_time":3.755843336},
{"learn":[0.3554587717],"iteration":114,"passed_time":0.4860033743,"remaining_time":3.740112924},
{"learn":[0.3537531819],"iteration":115,"passed_time":0.4885608093,"remaining_time":3.723170305},
{"learn":[0.3524213589],"iteration":116,"passed_time":0.4911150352,"remaining_time":3.706449368},
{"learn":[0.3513534561],"iteration":117,"passed_time":0.4937510743,"remaining_time":3.690580064},
{"learn":[0.3501312916],"iteration":118,"passed_time":0.4963353656,"remaining_time":3.67455006},
{"learn":[0.3488516292],"iteration":119,"passed_time":0.4990227281,"remaining_time":3.659500006},
{"learn":[0.3479956395],"iteration":120,"passed_time":0.5016506914,"remaining_time":3.644222791},
{"learn":[0.3465717113],"iteration":121,"passed_time":0.5044029727,"remaining_time":3.630047624},
{"learn":[0.345189685],"iteration":122,"passed_time":0.5071532664,"remaining_time":3.616044021},
{"learn":[0.3442163039],"iteration":123,"passed_time":0.5098981866,"remaining_time":3.602183963},
{"learn":[0.3433386592],"iteration":124,"passed_time":0.5125942581,"remaining_time":3.588159806},
{"learn":[0.3420602026],"iteration":125,"passed_time":0.5153868873,"remaining_time":3.574985234},
{"learn":[0.340833127],"iteration":126,"passed_time":0.5182598371,"remaining_time":3.562526282},
{"learn":[0.3398751015],"iteration":127,"passed_time":0.5207786059,"remaining_time":3.547804253},
{"learn":[0.3382496138],"iteration":128,"passed_time":0.5235287094,"remaining_time":3.534833379},
{"learn":[0.3370568665],"iteration":129,"passed_time":0.5263553226,"remaining_time":3.522531774},
{"learn":[0.3352189989],"iteration":130,"passed_time":0.5289037456,"remaining_time":3.508529427},
{"learn":[0.3342171937],"iteration":131,"passed_time":0.5314734206,"remaining_time":3.494840372},
{"learn":[0.3334370139],"iteration":132,"passed_time":0.5340065032,"remaining_time":3.481079987},
{"learn":[0.3320604331],"iteration":133,"passed_time":0.536591879,"remaining_time":3.467825129},
{"learn":[0.3309996523],"iteration":134,"passed_time":0.539118169,"remaining_time":3.454349749},
{"learn":[0.3292870048],"iteration":135,"passed_time":0.5416678009,"remaining_time":3.441183676},
{"learn":[0.3281395529],"iteration":136,"passed_time":0.5446575872,"remaining_time":3.430945239},
{"learn":[0.3271220608],"iteration":137,"passed_time":0.547485535,"remaining_time":3.41980095},
{"learn":[0.3263256685],"iteration":138,"passed_time":0.5501869897,"remaining_time":3.407992792},
{"learn":[0.3249441076],"iteration":139,"passed_time":0.5527672315,"remaining_time":3.395570136},
{"learn":[0.3237266627],"iteration":140,"passed_time":0.5553882965,"remaining_time":3.383535792},
{"learn":[0.3227344298],"iteration":141,"passed_time":0.5579833511,"remaining_time":3.371476868},
{"learn":[0.3219474701],"iteration":142,"passed_time":0.5605060558,"remaining_time":3.359116712},
{"learn":[0.3211718994],"iteration":143,"passed_time":0.5632045766,"remaining_time":3.347938316},
{"learn":[0.3199721792],"iteration":144,"passed_time":0.5660197366,"remaining_time":3.337564654},
{"learn":[0.3187741575],"iteration":145,"passed_time":0.56870245,"remaining_time":3.32651981},
{"learn":[0.3177237837],"iteration":146,"passed_time":0.5713865046,"remaining_time":3.31559652},
{"learn":[0.3167149187],"iteration":147,"passed_time":0.5741330707,"remaining_time":3.305144434},
{"learn":[0.3155469965],"iteration":148,"passed_time":0.5768003902,"remaining_time":3.294343168},
{"learn":[0.3140633731],"iteration":149,"passed_time":0.5796715282,"remaining_time":3.284805326},
{"learn":[0.3128676954],"iteration":150,"passed_time":0.5824960801,"remaining_time":3.275093854},
{"learn":[0.311873678],"iteration":151,"passed_time":0.5852590662,"remaining_time":3.265129527},
{"learn":[0.3106344476],"iteration":152,"passed_time":0.5880404763,"remaining_time":3.255361329},
{"learn":[0.3096783188],"iteration":153,"passed_time":0.59077812,"remaining_time":3.245443438},
{"learn":[0.308356216],"iteration":154,"passed_time":0.5933992364,"remaining_time":3.234982934},
{"learn":[0.3072044884],"iteration":155,"passed_time":0.5959608779,"remaining_time":3.22430116},
{"learn":[0.3059147197],"iteration":156,"passed_time":0.5984906383,"remaining_time":3.213551644},
{"learn":[0.3051132939],"iteration":157,"passed_time":0.6010125415,"remaining_time":3.202864304},
{"learn":[0.3043718326],"iteration":158,"passed_time":0.603661088,"remaining_time":3.192949528},
{"learn":[0.3032576396],"iteration":159,"passed_time":0.6062188661,"remaining_time":3.182649047},
{"learn":[0.3022455328],"iteration":160,"passed_time":0.6091140691,"remaining_time":3.17420313},
{"learn":[0.3011563887],"iteration":161,"passed_time":0.6116550276,"remaining_time":3.163993291},
{"learn":[0.2999795839],"iteration":162,"passed_time":0.6143438658,"remaining_time":3.154636906},
{"learn":[0.2992355369],"iteration":163,"passed_time":0.6170944726,"remaining_time":3.145676702},
{"learn":[0.2983878747],"iteration":164,"passed_time":0.6196351439,"remaining_time":3.135729365},
{"learn":[0.2971196257],"iteration":165,"passed_time":0.6222094156,"remaining_time":3.126040076},
{"learn":[0.2961525796],"iteration":166,"passed_time":0.6247406496,"remaining_time":3.116221324},
{"learn":[0.2947500186],"iteration":167,"passed_time":0.6276039916,"remaining_time":3.108134054},
{"learn":[0.293897375],"iteration":168,"passed_time":0.6303423123,"remaining_time":3.099493855},
{"learn":[0.2927697248],"iteration":169,"passed_time":0.6330172919,"remaining_time":3.090613837},
{"learn":[0.2916467258],"iteration":170,"passed_time":0.6357033432,"remaining_time":3.081860067},
{"learn":[0.2906864249],"iteration":171,"passed_time":0.6386200667,"remaining_time":3.074287298},
{"learn":[0.2897244203],"iteration":172,"passed_time":0.6415094925,"remaining_time":3.066637863},
{"learn":[0.2888059055],"iteration":173,"passed_time":0.6441257615,"remaining_time":3.057746431},
{"learn":[0.2880586164],"iteration":174,"passed_time":0.6466986827,"remaining_time":3.048722361},
{"learn":[0.2875003636],"iteration":175,"passed_time":0.6494043796,"remaining_time":3.040393232},
{"learn":[0.2869725943],"iteration":176,"passed_time":0.652266925,"remaining_time":3.032856945},
{"learn":[0.2859445605],"iteration":177,"passed_time":0.6550615976,"remaining_time":3.025059737},
{"learn":[0.2849796408],"iteration":178,"passed_time":0.6580581948,"remaining_time":3.018244569},
{"learn":[0.2844342987],"iteration":179,"passed_time":0.6606238414,"remaining_time":3.009508611},
{"learn":[0.2838813329],"iteration":180,"passed_time":0.6631976564,"remaining_time":3.000877793},
{"learn":[0.2830733951],"iteration":181,"passed_time":0.6657972973,"remaining_time":2.992429611},
{"learn":[0.2821892784],"iteration":182,"passed_time":0.6683381656,"remaining_time":2.983782958},
{"learn":[0.2810666921],"iteration":183,"passed_time":0.6708650254,"remaining_time":2.975140547},
{"learn":[0.2801998448],"iteration":184,"passed_time":0.6738262569,"remaining_time":2.968477835},
{"learn":[0.2792570262],"iteration":185,"passed_time":0.6767727932,"remaining_time":2.961790611},
{"learn":[0.2783529908],"iteration":186,"passed_time":0.6793558918,"remaining_time":2.953563316},
{"learn":[0.2776705735],"iteration":187,"passed_time":0.6820100836,"remaining_time":2.945703127},
{"learn":[0.2766269025],"iteration":188,"passed_time":0.6846215901,"remaining_time":2.937714866},
{"learn":[0.2760927986],"iteration":189,"passed_time":0.6875407169,"remaining_time":2.931094635},
{"learn":[0.2754136804],"iteration":190,"passed_time":0.6901701192,"remaining_time":2.923286002},
{"learn":[0.2741639203],"iteration":191,"passed_time":0.6927741146,"remaining_time":2.915424399},
{"learn":[0.2732533092],"iteration":192,"passed_time":0.6953904041,"remaining_time":2.907668685},
{"learn":[0.2725672798],"iteration":193,"passed_time":0.6979551892,"remaining_time":2.899751972},
{"learn":[0.2717909614],"iteration":194,"passed_time":0.7005202844,"remaining_time":2.89189143},
{"learn":[0.2712528818],"iteration":195,"passed_time":0.7031345464,"remaining_time":2.884286609},
{"learn":[0.2703890009],"iteration":196,"passed_time":0.7057035721,"remaining_time":2.876548063},
{"learn":[0.2696856845],"iteration":197,"passed_time":0.7083627784,"remaining_time":2.869227011},
{"learn":[0.2689468401],"iteration":198,"passed_time":0.7109943647,"remaining_time":2.861841639},
{"learn":[0.2679605603],"iteration":199,"passed_time":0.7135689757,"remaining_time":2.854275903},
{"learn":[0.2671825313],"iteration":200,"passed_time":0.7161909922,"remaining_time":2.846948272},
{"learn":[0.2663626694],"iteration":201,"passed_time":0.718716828,"remaining_time":2.839287271},
{"learn":[0.2658210182],"iteration":202,"passed_time":0.7212643749,"remaining_time":2.831762102},
{"learn":[0.2650358665],"iteration":203,"passed_time":0.7240229486,"remaining_time":2.825109152},
{"learn":[0.2643105391],"iteration":204,"passed_time":0.7272004618,"remaining_time":2.820118864},
{"learn":[0.263733737],"iteration":205,"passed_time":0.7299138927,"remaining_time":2.813357431},
{"learn":[0.2630302152],"iteration":206,"passed_time":0.7330234476,"remaining_time":2.808152628},
{"learn":[0.261920309],"iteration":207,"passed_time":0.7360358637,"remaining_time":2.802598097},
{"learn":[0.2613533885],"iteration":208,"passed_time":0.7389370913,"remaining_time":2.796647078},
{"learn":[0.2607999155],"iteration":209,"passed_time":0.7417862397,"remaining_time":2.790529187},
{"learn":[0.2601221037],"iteration":210,"passed_time":0.7445572783,"remaining_time":2.784150202},
{"learn":[0.259525745],"iteration":211,"passed_time":0.7473188331,"remaining_time":2.777770002},
{"learn":[0.2589827722],"iteration":212,"passed_time":0.7503073823,"remaining_time":2.772262488},
{"learn":[0.2584222267],"iteration":213,"passed_time":0.7529605078,"remaining_time":2.765546538},
{"learn":[0.2579404087],"iteration":214,"passed_time":0.7557093536,"remaining_time":2.759217872},
{"learn":[0.2574011389],"iteration":215,"passed_time":0.7584787806,"remaining_time":2.752997056},
{"learn":[0.2565862477],"iteration":216,"passed_time":0.7611789955,"remaining_time":2.746558311},
{"learn":[0.256099441],"iteration":217,"passed_time":0.7642814362,"remaining_time":2.741596712},
{"learn":[0.255716896],"iteration":218,"passed_time":0.7671067723,"remaining_time":2.735663877},
{"learn":[0.254782293],"iteration":219,"passed_time":0.7699220189,"remaining_time":2.729723522},
{"learn":[0.2540343162],"iteration":220,"passed_time":0.7732731023,"remaining_time":2.725700211},
{"learn":[0.2532221167],"iteration":221,"passed_time":0.7761805843,"remaining_time":2.720128354},
{"learn":[0.2527334291],"iteration":222,"passed_time":0.7788207644,"remaining_time":2.713649031},
{"learn":[0.2521215129],"iteration":223,"passed_time":0.78142048,"remaining_time":2.707063806},
{"learn":[0.251277433],"iteration":224,"passed_time":0.7839504195,"remaining_time":2.700273667},
{"learn":[0.250359712],"iteration":225,"passed_time":0.7865669707,"remaining_time":2.693817855},
{"learn":[0.2496935018],"iteration":226,"passed_time":0.7893428698,"remaining_time":2.687938495},
{"learn":[0.2491488484],"iteration":227,"passed_time":0.7918654528,"remaining_time":2.681228638},
{"learn":[0.2483325393],"iteration":228,"passed_time":0.7944961782,"remaining_time":2.674919447},
{"learn":[0.247791383],"iteration":229,"passed_time":0.7970920271,"remaining_time":2.668525482},
{"learn":[0.2472994775],"iteration":230,"passed_time":0.7997376686,"remaining_time":2.662330161},
{"learn":[0.2466731679],"iteration":231,"passed_time":0.802399979,"remaining_time":2.65622062},
{"learn":[0.2459713254],"iteration":232,"passed_time":0.8049631081,"remaining_time":2.64981418},
{"learn":[0.2450083106],"iteration":233,"passed_time":0.8076064324,"remaining_time":2.643703108},
{"learn":[0.2445615171],"iteration":234,"passed_time":0.8101583161,"remaining_time":2.63732388},
{"learn":[0.2439096452],"iteration":235,"passed_time":0.8127189315,"remaining_time":2.631005355},
{"learn":[0.2434442332],"iteration":236,"passed_time":0.8152702145,"remaining_time":2.624688497},
{"learn":[0.2425774363],"iteration":237,"passed_time":0.8177364715,"remaining_time":2.618131056},
{"learn":[0.241978031],"iteration":238,"passed_time":0.8202815563,"remaining_time":2.611858847},
{"learn":[0.2413671859],"iteration":239,"passed_time":0.8229835308,"remaining_time":2.606114514},
{"learn":[0.2409022426],"iteration":240,"passed_time":0.8256376667,"remaining_time":2.600244768},
{"learn":[0.2404526192],"iteration":241,"passed_time":0.8282112075,"remaining_time":2.594149154},
{"learn":[0.2396664937],"iteration":242,"passed_time":0.8308126086,"remaining_time":2.58816932},
{"learn":[0.2393005119],"iteration":243,"passed_time":0.8338030695,"remaining_time":2.583422625},
{"learn":[0.2388759282],"iteration":244,"passed_time":0.8364337997,"remaining_time":2.577581709},
{"learn":[0.2385055623],"iteration":245,"passed_time":0.838890287,"remaining_time":2.571232831},
{"learn":[0.2380879632],"iteration":246,"passed_time":0.8413695834,"remaining_time":2.564985005},
{"learn":[0.237483523],"iteration":247,"passed_time":0.8440886873,"remaining_time":2.559494729},
{"learn":[0.2371134793],"iteration":248,"passed_time":0.846611845,"remaining_time":2.553435725},
{"learn":[0.236547027],"iteration":249,"passed_time":0.84917895,"remaining_time":2.54753685},
{"learn":[0.2358524087],"iteration":250,"passed_time":0.8516859158,"remaining_time":2.541485063},
{"learn":[0.2354387735],"iteration":251,"passed_time":0.8543714895,"remaining_time":2.535991564},
{"learn":[0.2347935083],"iteration":252,"passed_time":0.8569536811,"remaining_time":2.530215019},
{"learn":[0.2342232251],"iteration":253,"passed_time":0.8596023877,"remaining_time":2.524658981},
{"learn":[0.2337639642],"iteration":254,"passed_time":0.8621341478,"remaining_time":2.518784079},
{"learn":[0.2332326714],"iteration":255,"passed_time":0.8645891815,"remaining_time":2.512712309},
{"learn":[0.2326183649],"iteration":256,"passed_time":0.8672939262,"remaining_time":2.507390612},
{"learn":[0.2320706196],"iteration":257,"passed_time":0.8845356234,"remaining_time":2.543897025},
{"learn":[0.2314715676],"iteration":258,"passed_time":0.8872765173,"remaining_time":2.538501542},
{"learn":[0.2308551596],"iteration":259,"passed_time":0.8899043745,"remaining_time":2.532804758},
{"learn":[0.2301497699],"iteration":260,"passed_time":0.8925500939,"remaining_time":2.527182067},
{"learn":[0.2296195689],"iteration":261,"passed_time":0.8951617719,"remaining_time":2.521486213},
{"learn":[0.2291047114],"iteration":262,"passed_time":0.8978777847,"remaining_time":2.516106188},
{"learn":[0.228683489],"iteration":263,"passed_time":0.9004087319,"remaining_time":2.510230404},
{"learn":[0.2280708874],"iteration":264,"passed_time":0.9029377536,"remaining_time":2.504374524},
{"learn":[0.2276623104],"iteration":265,"passed_time":0.9057415054,"remaining_time":2.499301748},
{"learn":[0.2268286526],"iteration":266,"passed_time":0.9089365896,"remaining_time":2.4953203},
{"learn":[0.2261664504],"iteration":267,"passed_time":0.9118339987,"remaining_time":2.490531668},
{"learn":[0.2258975067],"iteration":268,"passed_time":0.9147081223,"remaining_time":2.485693819},
{"learn":[0.2253305098],"iteration":269,"passed_time":0.9178094271,"remaining_time":2.481484747},
{"learn":[0.2249211655],"iteration":270,"passed_time":0.920417225,"remaining_time":2.475956299},
{"learn":[0.2240214351],"iteration":271,"passed_time":0.9232612618,"remaining_time":2.471081612},
{"learn":[0.2237783273],"iteration":272,"passed_time":0.9258804339,"remaining_time":2.465622987},
{"learn":[0.2231624403],"iteration":273,"passed_time":0.9285692462,"remaining_time":2.460369608},
{"learn":[0.2227741091],"iteration":274,"passed_time":0.9311518347,"remaining_time":2.454854837},
{"learn":[0.2222618978],"iteration":275,"passed_time":0.9337906959,"remaining_time":2.449508927},
{"learn":[0.2216686429],"iteration":276,"passed_time":0.9363552968,"remaining_time":2.443988735},
{"learn":[0.2210446461],"iteration":277,"passed_time":0.939158135,"remaining_time":2.439108538},
{"learn":[0.2206505627],"iteration":278,"passed_time":0.9420381276,"remaining_time":2.434442616},
{"learn":[0.2200577382],"iteration":279,"passed_time":0.9447709838,"remaining_time":2.429411101},
{"learn":[0.2190350362],"iteration":280,"passed_time":0.9476195128,"remaining_time":2.424691921},
{"learn":[0.2186606009],"iteration":281,"passed_time":0.9507652066,"remaining_time":2.420742618},
{"learn":[0.2177447346],"iteration":282,"passed_time":0.9584701533,"remaining_time":2.428350176},
{"learn":[0.217338165],"iteration":283,"passed_time":0.9616992583,"remaining_time":2.424565736},
{"learn":[0.2167462751],"iteration":284,"passed_time":0.9642695229,"remaining_time":2.419132312},
{"learn":[0.2165503824],"iteration":285,"passed_time":0.9672475652,"remaining_time":2.414736928},
{"learn":[0.2161848068],"iteration":286,"passed_time":0.9699325368,"remaining_time":2.409623341},
{"learn":[0.2158384292],"iteration":287,"passed_time":0.9725157978,"remaining_time":2.404275167},
{"learn":[0.215176417],"iteration":288,"passed_time":0.9750136956,"remaining_time":2.398736116},
{"learn":[0.2145660939],"iteration":289,"passed_time":0.9775868773,"remaining_time":2.393402355},
{"learn":[0.2138037973],"iteration":290,"passed_time":0.9800985612,"remaining_time":2.387937732},
{"learn":[0.2131580025],"iteration":291,"passed_time":0.9825836036,"remaining_time":2.382428738},
{"learn":[0.2127279702],"iteration":292,"passed_time":0.9851713812,"remaining_time":2.377188281},
{"learn":[0.2122379364],"iteration":293,"passed_time":0.9877976062,"remaining_time":2.372058197},
{"learn":[0.2117515603],"iteration":294,"passed_time":0.9903565007,"remaining_time":2.36678418},
{"learn":[0.2113132264],"iteration":295,"passed_time":0.9928546496,"remaining_time":2.361384031},
{"learn":[0.2107993464],"iteration":296,"passed_time":0.9953918964,"remaining_time":2.35609597},
{"learn":[0.2104416512],"iteration":297,"passed_time":0.9979564802,"remaining_time":2.350890769},
{"learn":[0.2098315312],"iteration":298,"passed_time":1.000858886,"remaining_time":2.346495248},
{"learn":[0.209341283],"iteration":299,"passed_time":1.003462145,"remaining_time":2.341411671},
{"learn":[0.2087759459],"iteration":300,"passed_time":1.006003527,"remaining_time":2.336200881},
{"learn":[0.2081283852],"iteration":301,"passed_time":1.008556986,"remaining_time":2.331035683},
{"learn":[0.2076787816],"iteration":302,"passed_time":1.011340661,"remaining_time":2.326417297},
{"learn":[0.207243462],"iteration":303,"passed_time":1.013850472,"remaining_time":2.321183975},
{"learn":[0.206667914],"iteration":304,"passed_time":1.016452227,"remaining_time":2.316178025},
{"learn":[0.2063450206],"iteration":305,"passed_time":1.01898391,"remaining_time":2.311028868},
{"learn":[0.2058785578],"iteration":306,"passed_time":1.021467251,"remaining_time":2.305787637},
{"learn":[0.2054669782],"iteration":307,"passed_time":1.023993386,"remaining_time":2.300660465},
{"learn":[0.2049417513],"iteration":308,"passed_time":1.026537182,"remaining_time":2.29558962},
{"learn":[0.2043970687],"iteration":309,"passed_time":1.029170238,"remaining_time":2.290733757},
{"learn":[0.2041252577],"iteration":310,"passed_time":1.031643276,"remaining_time":2.285537675},
{"learn":[0.203433487],"iteration":311,"passed_time":1.034252682,"remaining_time":2.280659761},
{"learn":[0.2029486262],"iteration":312,"passed_time":1.036771418,"remaining_time":2.275597329},
{"learn":[0.2021096411],"iteration":313,"passed_time":1.039328961,"remaining_time":2.270635884},
{"learn":[0.2016409706],"iteration":314,"passed_time":1.041870852,"remaining_time":2.265655662},
{"learn":[0.2012845445],"iteration":315,"passed_time":1.04438247,"remaining_time":2.260625346},
{"learn":[0.2006473285],"iteration":316,"passed_time":1.047110753,"remaining_time":2.256077743},
{"learn":[0.2001815977],"iteration":317,"passed_time":1.049733333,"remaining_time":2.251314885},
{"learn":[0.1999320511],"iteration":318,"passed_time":1.05224625,"remaining_time":2.246331336},
{"learn":[0.1995576847],"iteration":319,"passed_time":1.054750286,"remaining_time":2.241344357},
{"learn":[0.1987633913],"iteration":320,"passed_time":1.057268287,"remaining_time":2.236402388},
{"learn":[0.1981643514],"iteration":321,"passed_time":1.059856491,"remaining_time":2.231623294},
{"learn":[0.1976457515],"iteration":322,"passed_time":1.062458506,"remaining_time":2.226886714},
{"learn":[0.1971447459],"iteration":323,"passed_time":1.065022846,"remaining_time":2.222084704},
{"learn":[0.1967386267],"iteration":324,"passed_time":1.067577843,"remaining_time":2.217277059},
{"learn":[0.1960753866],"iteration":325,"passed_time":1.0702225,"remaining_time":2.212668604},
{"learn":[0.1956733081],"iteration":326,"passed_time":1.072755481,"remaining_time":2.207842321},
{"learn":[0.1952414686],"iteration":327,"passed_time":1.075241986,"remaining_time":2.202934801},
{"learn":[0.1949310008],"iteration":328,"passed_time":1.077877988,"remaining_time":2.1983469},
{"learn":[0.1942670031],"iteration":329,"passed_time":1.080472008,"remaining_time":2.193685591},
{"learn":[0.1939721909],"iteration":330,"passed_time":1.083269408,"remaining_time":2.189447837},
{"learn":[0.1935126528],"iteration":331,"passed_time":1.085848964,"remaining_time":2.184780445},
{"learn":[0.1929339877],"iteration":332,"passed_time":1.088933844,"remaining_time":2.181137759},
{"learn":[0.1925884934],"iteration":333,"passed_time":1.091834331,"remaining_time":2.177130733},
{"learn":[0.1919361524],"iteration":334,"passed_time":1.094532985,"remaining_time":2.172729657},
{"learn":[0.1915953808],"iteration":335,"passed_time":1.097092285,"remaining_time":2.168063325},
{"learn":[0.1910903591],"iteration":336,"passed_time":1.100028434,"remaining_time":2.164150896},
{"learn":[0.1906527442],"iteration":337,"passed_time":1.102799721,"remaining_time":2.159921347},
{"learn":[0.1903406261],"iteration":338,"passed_time":1.105453355,"remaining_time":2.155470997},
{"learn":[0.1897467443],"iteration":339,"passed_time":1.1081468,"remaining_time":2.151108494},
{"learn":[0.1893178829],"iteration":340,"passed_time":1.110913541,"remaining_time":2.14689743},
{"learn":[0.189005601],"iteration":341,"passed_time":1.11372752,"remaining_time":2.142785697},
{"learn":[0.1886376385],"iteration":342,"passed_time":1.116399657,"remaining_time":2.138409839},
{"learn":[0.1884083604],"iteration":343,"passed_time":1.119049596,"remaining_time":2.134001555},
{"learn":[0.1879954576],"iteration":344,"passed_time":1.121707327,"remaining_time":2.129618259},
{"learn":[0.1875824189],"iteration":345,"passed_time":1.124441512,"remaining_time":2.125389448},
{"learn":[0.1872462176],"iteration":346,"passed_time":1.127830398,"remaining_time":2.122401297},
{"learn":[0.1869552804],"iteration":347,"passed_time":1.130991485,"remaining_time":2.118984046},
{"learn":[0.1865121453],"iteration":348,"passed_time":1.1338885,"remaining_time":2.115075683},
{"learn":[0.1859423775],"iteration":349,"passed_time":1.136792464,"remaining_time":2.111186004},
{"learn":[0.185490059],"iteration":350,"passed_time":1.139559143,"remaining_time":2.107048102},
{"learn":[0.1852512149],"iteration":351,"passed_time":1.142701043,"remaining_time":2.103608737},
{"learn":[0.1850037684],"iteration":352,"passed_time":1.145979237,"remaining_time":2.100420868},
{"learn":[0.1848094344],"iteration":353,"passed_time":1.148586386,"remaining_time":2.096007925},
{"learn":[0.1844185192],"iteration":354,"passed_time":1.151270451,"remaining_time":2.091744904},
{"learn":[0.1839386327],"iteration":355,"passed_time":1.153915364,"remaining_time":2.087419928},
{"learn":[0.183594118],"iteration":356,"passed_time":1.156655869,"remaining_time":2.083276537},
{"learn":[0.1834370514],"iteration":357,"passed_time":1.159252807,"remaining_time":2.078883525},
{"learn":[0.1828789634],"iteration":358,"passed_time":1.161844814,"remaining_time":2.074491715},
{"learn":[0.1825808031],"iteration":359,"passed_time":1.164489943,"remaining_time":2.070204343},
{"learn":[0.1823401841],"iteration":360,"passed_time":1.167096588,"remaining_time":2.06585795},
{"learn":[0.1819451733],"iteration":361,"passed_time":1.169761833,"remaining_time":2.061624446},
{"learn":[0.1816480297],"iteration":362,"passed_time":1.172333418,"remaining_time":2.057235226},
{"learn":[0.181366111],"iteration":363,"passed_time":1.174846713,"remaining_time":2.052754147},
{"learn":[0.1809260791],"iteration":364,"passed_time":1.177506573,"remaining_time":2.048538832},
{"learn":[0.1802984274],"iteration":365,"passed_time":1.180067213,"remaining_time":2.044160145},
{"learn":[0.1799084126],"iteration":366,"passed_time":1.182676417,"remaining_time":2.039875127},
{"learn":[0.1794115733],"iteration":367,"passed_time":1.185267452,"remaining_time":2.035568016},
{"learn":[0.1786273409],"iteration":368,"passed_time":1.187890672,"remaining_time":2.031325241},
{"learn":[0.1783096539],"iteration":369,"passed_time":1.190470538,"remaining_time":2.027017403},
{"learn":[0.1777586655],"iteration":370,"passed_time":1.193266607,"remaining_time":2.023085433},
{"learn":[0.1774484869],"iteration":371,"passed_time":1.19584824,"remaining_time":2.018797567},
{"learn":[0.1771580374],"iteration":372,"passed_time":1.198405779,"remaining_time":2.014478348},
{"learn":[0.1766717155],"iteration":373,"passed_time":1.200986191,"remaining_time":2.010206832},
{"learn":[0.1762356744],"iteration":374,"passed_time":1.203515239,"remaining_time":2.005858731},
{"learn":[0.1759165973],"iteration":375,"passed_time":1.206040747,"remaining_time":2.001514432},
{"learn":[0.1753278407],"iteration":376,"passed_time":1.208566593,"remaining_time":1.997180338},
{"learn":[0.1748397928],"iteration":377,"passed_time":1.211235725,"remaining_time":1.99309159},
{"learn":[0.1745574696],"iteration":378,"passed_time":1.213664281,"remaining_time":1.988616144},
{"learn":[0.1741287629],"iteration":379,"passed_time":1.216654446,"remaining_time":1.985067781},
{"learn":[0.1736125614],"iteration":380,"passed_time":1.219307721,"remaining_time":1.980975012},
{"learn":[0.1733489838],"iteration":381,"passed_time":1.221895906,"remaining_time":1.976784476},
{"learn":[0.1730352433],"iteration":382,"passed_time":1.224445897,"remaining_time":1.972540779},
{"learn":[0.1727088856],"iteration":383,"passed_time":1.22691489,"remaining_time":1.96817597},
{"learn":[0.172376247],"iteration":384,"passed_time":1.229565875,"remaining_time":1.964111722},
{"learn":[0.1717457916],"iteration":385,"passed_time":1.232070912,"remaining_time":1.959822642},
{"learn":[0.1712535425],"iteration":386,"passed_time":1.234617411,"remaining_time":1.955608457},
{"learn":[0.170629497],"iteration":387,"passed_time":1.237175479,"remaining_time":1.951421117},
{"learn":[0.1702367148],"iteration":388,"passed_time":1.239775538,"remaining_time":1.947308107},
{"learn":[0.1698861623],"iteration":389,"passed_time":1.242254105,"remaining_time":1.943012831},
{"learn":[0.1695212829],"iteration":390,"passed_time":1.244927715,"remaining_time":1.939030635},
{"learn":[0.1691018234],"iteration":391,"passed_time":1.248074582,"remaining_time":1.935789147},
{"learn":[0.1688444797],"iteration":392,"passed_time":1.250862869,"remaining_time":1.931994304},
{"learn":[0.168584686],"iteration":393,"passed_time":1.25344164,"remaining_time":1.92788232},
{"learn":[0.1683776186],"iteration":394,"passed_time":1.256139869,"remaining_time":1.923961065},
{"learn":[0.1679019394],"iteration":395,"passed_time":1.258890041,"remaining_time":1.920125215},
{"learn":[0.1674946335],"iteration":396,"passed_time":1.261426871,"remaining_time":1.915970789},
{"learn":[0.1670615967],"iteration":397,"passed_time":1.264101667,"remaining_time":1.912033174},
{"learn":[0.166733868],"iteration":398,"passed_time":1.266738819,"remaining_time":1.908045189},
{"learn":[0.1664772975],"iteration":399,"passed_time":1.269624489,"remaining_time":1.904436734},
{"learn":[0.1660213026],"iteration":400,"passed_time":1.27258128,"remaining_time":1.900938122},
{"learn":[0.1657604475],"iteration":401,"passed_time":1.275141493,"remaining_time":1.896852271},
{"learn":[0.1654162662],"iteration":402,"passed_time":1.277760075,"remaining_time":1.892860458},
{"learn":[0.1651758678],"iteration":403,"passed_time":1.280759944,"remaining_time":1.889437937},
{"learn":[0.1649160074],"iteration":404,"passed_time":1.283343348,"remaining_time":1.885405659},
{"learn":[0.1642556134],"iteration":405,"passed_time":1.286182531,"remaining_time":1.881754737},
{"learn":[0.1638780944],"iteration":406,"passed_time":1.28961672,"remaining_time":1.878974729},
{"learn":[0.1636928284],"iteration":407,"passed_time":1.292183668,"remaining_time":1.874933166},
{"learn":[0.1633493467],"iteration":408,"passed_time":1.294878139,"remaining_time":1.871083081},
{"learn":[0.1629966754],"iteration":409,"passed_time":1.297906147,"remaining_time":1.867718602},
{"learn":[0.1626075305],"iteration":410,"passed_time":1.300548249,"remaining_time":1.863802722},
{"learn":[0.1620567639],"iteration":411,"passed_time":1.303319659,"remaining_time":1.860077572},
{"learn":[0.1617006967],"iteration":412,"passed_time":1.306113342,"remaining_time":1.856388697},
{"learn":[0.1612179962],"iteration":413,"passed_time":1.308755877,"remaining_time":1.852490202},
{"learn":[0.1609851787],"iteration":414,"passed_time":1.311587501,"remaining_time":1.848864308},
{"learn":[0.1603605691],"iteration":415,"passed_time":1.314398104,"remaining_time":1.845212722},
{"learn":[0.1598358698],"iteration":416,"passed_time":1.317073835,"remaining_time":1.841376608},
{"learn":[0.1596132702],"iteration":417,"passed_time":1.319961319,"remaining_time":1.837840879},
{"learn":[0.1592764978],"iteration":418,"passed_time":1.322706249,"remaining_time":1.834110574},
{"learn":[0.1590409801],"iteration":419,"passed_time":1.325438426,"remaining_time":1.83036735},
{"learn":[0.1584951604],"iteration":420,"passed_time":1.328349656,"remaining_time":1.82687518},
{"learn":[0.1581773288],"iteration":421,"passed_time":1.331234535,"remaining_time":1.823349671},
{"learn":[0.1579352506],"iteration":422,"passed_time":1.333912016,"remaining_time":1.819544286},
{"learn":[0.1576309389],"iteration":423,"passed_time":1.336560221,"remaining_time":1.815704451},
{"learn":[0.157443937],"iteration":424,"passed_time":1.339228753,"remaining_time":1.811897724},
{"learn":[0.157145742],"iteration":425,"passed_time":1.341742948,"remaining_time":1.807888386},
{"learn":[0.1567822137],"iteration":426,"passed_time":1.344607619,"remaining_time":1.80435636},
{"learn":[0.1564014905],"iteration":427,"passed_time":1.347497173,"remaining_time":1.800860707},
{"learn":[0.15612421],"iteration":428,"passed_time":1.350053278,"remaining_time":1.796924059},
{"learn":[0.1558442716],"iteration":429,"passed_time":1.352969857,"remaining_time":1.79347167},
{"learn":[0.1553380393],"iteration":430,"passed_time":1.355643337,"remaining_time":1.789700832},
{"learn":[0.1551630234],"iteration":431,"passed_time":1.358160173,"remaining_time":1.785729116},
{"learn":[0.1548717305],"iteration":432,"passed_time":1.361326597,"remaining_time":1.782614736},
{"learn":[0.1546858308],"iteration":433,"passed_time":1.364152035,"remaining_time":1.779055419},
{"learn":[0.1544481066],"iteration":434,"passed_time":1.366892869,"remaining_time":1.775389588},
{"learn":[0.1540476101],"iteration":435,"passed_time":1.369479813,"remaining_time":1.771528932},
{"learn":[0.153832761],"iteration":436,"passed_time":1.371930661,"remaining_time":1.76749877},
{"learn":[0.1534631273],"iteration":437,"passed_time":1.374470964,"remaining_time":1.763590597},
{"learn":[0.1532190528],"iteration":438,"passed_time":1.377117008,"remaining_time":1.759823784},
{"learn":[0.1529381447],"iteration":439,"passed_time":1.379618677,"remaining_time":1.755878316},
{"learn":[0.1526871804],"iteration":440,"passed_time":1.382154274,"remaining_time":1.751982402},
{"learn":[0.1522144086],"iteration":441,"passed_time":1.385375504,"remaining_time":1.748958216},
{"learn":[0.1519323692],"iteration":442,"passed_time":1.3879373,"remaining_time":1.74510401},
{"learn":[0.1515376883],"iteration":443,"passed_time":1.390427815,"remaining_time":1.741166363},
{"learn":[0.1510018834],"iteration":444,"passed_time":1.393342159,"remaining_time":1.737763816},
{"learn":[0.1507321634],"iteration":445,"passed_time":1.395838638,"remaining_time":1.733844407},
{"learn":[0.1502693763],"iteration":446,"passed_time":1.39825491,"remaining_time":1.729832137},
{"learn":[0.1498738063],"iteration":447,"passed_time":1.401017926,"remaining_time":1.726254231},
{"learn":[0.1496168998],"iteration":448,"passed_time":1.403663507,"remaining_time":1.72253584},
{"learn":[0.149094337],"iteration":449,"passed_time":1.406151555,"remaining_time":1.718629678},
{"learn":[0.1488306849],"iteration":450,"passed_time":1.408986262,"remaining_time":1.715151791},
{"learn":[0.1483837636],"iteration":451,"passed_time":1.411629471,"remaining_time":1.711444579},
{"learn":[0.1481268181],"iteration":452,"passed_time":1.414138208,"remaining_time":1.707579691},
{"learn":[0.1477107212],"iteration":453,"passed_time":1.416818702,"remaining_time":1.703927338},
{"learn":[0.1473872212],"iteration":454,"passed_time":1.419351861,"remaining_time":1.700102778},
{"learn":[0.1472494559],"iteration":455,"passed_time":1.421796382,"remaining_time":1.69617814},
{"learn":[0.1470981832],"iteration":456,"passed_time":1.424507634,"remaining_time":1.692576904},
{"learn":[0.1468440505],"iteration":457,"passed_time":1.427407854,"remaining_time":1.689203181},
{"learn":[0.1465832467],"iteration":458,"passed_time":1.4302424,"remaining_time":1.685754114},
{"learn":[0.146380758],"iteration":459,"passed_time":1.433097209,"remaining_time":1.682331506},
{"learn":[0.145937981],"iteration":460,"passed_time":1.435729556,"remaining_time":1.678651259},
{"learn":[0.1456032487],"iteration":461,"passed_time":1.438179908,"remaining_time":1.674763616},
{"learn":[0.1453006945],"iteration":462,"passed_time":1.440801646,"remaining_time":1.671080959},
{"learn":[0.1451916506],"iteration":463,"passed_time":1.443340327,"remaining_time":1.667306929},
{"learn":[0.1447064569],"iteration":464,"passed_time":1.445860406,"remaining_time":1.663516811},
{"learn":[0.1445470712],"iteration":465,"passed_time":1.448869425,"remaining_time":1.660292431},
{"learn":[0.1442571578],"iteration":466,"passed_time":1.451639391,"remaining_time":1.656796136},
{"learn":[0.1440694428],"iteration":467,"passed_time":1.454176568,"remaining_time":1.653038321},
{"learn":[0.1436022232],"iteration":468,"passed_time":1.456952448,"remaining_time":1.64955597},
{"learn":[0.1431120727],"iteration":469,"passed_time":1.459566345,"remaining_time":1.645893963},
{"learn":[0.1429915397],"iteration":470,"passed_time":1.462053667,"remaining_time":1.642094246},
{"learn":[0.1428442439],"iteration":471,"passed_time":1.464871224,"remaining_time":1.638669505},
{"learn":[0.1424530271],"iteration":472,"passed_time":1.467467271,"remaining_time":1.635000533},
{"learn":[0.1421577335],"iteration":473,"passed_time":1.470282476,"remaining_time":1.631579287},
{"learn":[0.1418217933],"iteration":474,"passed_time":1.473319128,"remaining_time":1.628405352},
{"learn":[0.1413251016],"iteration":475,"passed_time":1.476037164,"remaining_time":1.624881247},
{"learn":[0.141070812],"iteration":476,"passed_time":1.478624492,"remaining_time":1.62121721},
{"learn":[0.1409344232],"iteration":477,"passed_time":1.481433185,"remaining_time":1.61779942},
{"learn":[0.1406988286],"iteration":478,"passed_time":1.484109674,"remaining_time":1.614240376},
{"learn":[0.1405447619],"iteration":479,"passed_time":1.486902876,"remaining_time":1.610811449},
{"learn":[0.1403289767],"iteration":480,"passed_time":1.489649349,"remaining_time":1.607334745},
{"learn":[0.1399756699],"iteration":481,"passed_time":1.49273526,"remaining_time":1.60422586},
{"learn":[0.1397872664],"iteration":482,"passed_time":1.495388046,"remaining_time":1.600653457},
{"learn":[0.1395665851],"iteration":483,"passed_time":1.498059086,"remaining_time":1.597104315},
{"learn":[0.1392745863],"iteration":484,"passed_time":1.500703136,"remaining_time":1.593530134},
{"learn":[0.1389830373],"iteration":485,"passed_time":1.503615446,"remaining_time":1.590243496},
{"learn":[0.1387816676],"iteration":486,"passed_time":1.506463438,"remaining_time":1.586890644},
{"learn":[0.1385581007],"iteration":487,"passed_time":1.509505347,"remaining_time":1.583743315},
{"learn":[0.1382339192],"iteration":488,"passed_time":1.512727895,"remaining_time":1.580785183},
{"learn":[0.1380883361],"iteration":489,"passed_time":1.515684062,"remaining_time":1.577548717},
{"learn":[0.1378677629],"iteration":490,"passed_time":1.518366413,"remaining_time":1.57402954},
{"learn":[0.1375985036],"iteration":491,"passed_time":1.521714968,"remaining_time":1.571201633},
{"learn":[0.1374099289],"iteration":492,"passed_time":1.524489009,"remaining_time":1.567780787},
{"learn":[0.1369825792],"iteration":493,"passed_time":1.5272999,"remaining_time":1.564400303},
{"learn":[0.1367432503],"iteration":494,"passed_time":1.530465329,"remaining_time":1.56138382},
{"learn":[0.1363177466],"iteration":495,"passed_time":1.533241949,"remaining_time":1.557971658},
{"learn":[0.1360893602],"iteration":496,"passed_time":1.536295252,"remaining_time":1.554842076},
{"learn":[0.1359599839],"iteration":497,"passed_time":1.539025142,"remaining_time":1.55138679},
{"learn":[0.1355729457],"iteration":498,"passed_time":1.541848725,"remaining_time":1.548028479},
{"learn":[0.1352871064],"iteration":499,"passed_time":1.544852987,"remaining_time":1.544852987},
{"learn":[0.13495955],"iteration":500,"passed_time":1.547783222,"remaining_time":1.541604446},
{"learn":[0.1348864791],"iteration":501,"passed_time":1.550314865,"remaining_time":1.537961758},
{"learn":[0.1346650979],"iteration":502,"passed_time":1.553344587,"remaining_time":1.534815625},
{"learn":[0.1344718194],"iteration":503,"passed_time":1.556267013,"remaining_time":1.531564362},
{"learn":[0.1341437882],"iteration":504,"passed_time":1.559010151,"remaining_time":1.528138663},
{"learn":[0.133860988],"iteration":505,"passed_time":1.562027298,"remaining_time":1.524983172},
{"learn":[0.1336240246],"iteration":506,"passed_time":1.564779919,"remaining_time":1.521571006},
{"learn":[0.1334282656],"iteration":507,"passed_time":1.567628415,"remaining_time":1.518254292},
{"learn":[0.1332815277],"iteration":508,"passed_time":1.570593435,"remaining_time":1.515051821},
{"learn":[0.1329999003],"iteration":509,"passed_time":1.573370174,"remaining_time":1.511669382},
{"learn":[0.1326848742],"iteration":510,"passed_time":1.576637133,"remaining_time":1.50875843},
{"learn":[0.1324194615],"iteration":511,"passed_time":1.579462089,"remaining_time":1.505424803},
{"learn":[0.132176208],"iteration":512,"passed_time":1.582317637,"remaining_time":1.502122201},
{"learn":[0.1316948523],"iteration":513,"passed_time":1.585473036,"remaining_time":1.499104855},
{"learn":[0.1314683804],"iteration":514,"passed_time":1.588547295,"remaining_time":1.496010559},
{"learn":[0.1312901686],"iteration":515,"passed_time":1.591739246,"remaining_time":1.493026734},
{"learn":[0.1308963053],"iteration":516,"passed_time":1.594531763,"remaining_time":1.489668939},
{"learn":[0.1306858229],"iteration":517,"passed_time":1.597069403,"remaining_time":1.486076162},
{"learn":[0.1303945943],"iteration":518,"passed_time":1.600240014,"remaining_time":1.483074078},
{"learn":[0.130135372],"iteration":519,"passed_time":1.60319229,"remaining_time":1.479869806},
{"learn":[0.1299009839],"iteration":520,"passed_time":1.605784836,"remaining_time":1.47633577},
{"learn":[0.1295345005],"iteration":521,"passed_time":1.60885502,"remaining_time":1.473242719},
{"learn":[0.1292953985],"iteration":522,"passed_time":1.611677657,"remaining_time":1.469923982},
{"learn":[0.1289753653],"iteration":523,"passed_time":1.614545287,"remaining_time":1.466648009},
{"learn":[0.1287631354],"iteration":524,"passed_time":1.617388996,"remaining_time":1.463351948},
{"learn":[0.1286108743],"iteration":525,"passed_time":1.620287899,"remaining_time":1.460107347},
{"learn":[0.1283541153],"iteration":526,"passed_time":1.623566342,"remaining_time":1.457204705},
{"learn":[0.1281553656],"iteration":527,"passed_time":1.62653755,"remaining_time":1.454025992},
{"learn":[0.1280117954],"iteration":528,"passed_time":1.62954689,"remaining_time":1.450882013},
{"learn":[0.1277155069],"iteration":529,"passed_time":1.632662136,"remaining_time":1.44783246},
{"learn":[0.1272752933],"iteration":530,"passed_time":1.635970049,"remaining_time":1.444952831},
{"learn":[0.1269283731],"iteration":531,"passed_time":1.639056808,"remaining_time":1.441877041},
{"learn":[0.1266865548],"iteration":532,"passed_time":1.641961478,"remaining_time":1.43864167},
{"learn":[0.1265697397],"iteration":533,"passed_time":1.644689562,"remaining_time":1.435253438},
{"learn":[0.126360247],"iteration":534,"passed_time":1.647669341,"remaining_time":1.432086437},
{"learn":[0.126177531],"iteration":535,"passed_time":1.650886921,"remaining_time":1.429125991},
{"learn":[0.1259380028],"iteration":536,"passed_time":1.654023769,"remaining_time":1.426094982},
{"learn":[0.1257926536],"iteration":537,"passed_time":1.657229532,"remaining_time":1.423122758},
{"learn":[0.1256006929],"iteration":538,"passed_time":1.660008337,"remaining_time":1.419784496},
{"learn":[0.1254380207],"iteration":539,"passed_time":1.66290784,"remaining_time":1.416551123},
{"learn":[0.125356042],"iteration":540,"passed_time":1.665734229,"remaining_time":1.413256952},
{"learn":[0.1252104671],"iteration":541,"passed_time":1.668428963,"remaining_time":1.409853257},
{"learn":[0.124914243],"iteration":542,"passed_time":1.671298901,"remaining_time":1.406599628},
{"learn":[0.1245924184],"iteration":543,"passed_time":1.674017177,"remaining_time":1.403220281},
{"learn":[0.1242628196],"iteration":544,"passed_time":1.676665414,"remaining_time":1.399784887},
{"learn":[0.1239578795],"iteration":545,"passed_time":1.679858468,"remaining_time":1.396805393},
{"learn":[0.1237808286],"iteration":546,"passed_time":1.682561177,"remaining_time":1.393419037},
{"learn":[0.1235259891],"iteration":547,"passed_time":1.685572891,"remaining_time":1.390290049},
{"learn":[0.1234015517],"iteration":548,"passed_time":1.688820301,"remaining_time":1.387355111},
{"learn":[0.1231138435],"iteration":549,"passed_time":1.692172022,"remaining_time":1.384504382},
{"learn":[0.122772916],"iteration":550,"passed_time":1.695363259,"remaining_time":1.381521059},
{"learn":[0.1225332991],"iteration":551,"passed_time":1.698389322,"remaining_time":1.378402928},
{"learn":[0.1223312563],"iteration":552,"passed_time":1.701190091,"remaining_time":1.375103021},
{"learn":[0.1219281186],"iteration":553,"passed_time":1.704654866,"remaining_time":1.372339477},
{"learn":[0.1216426419],"iteration":554,"passed_time":1.707510477,"remaining_time":1.369084977},
{"learn":[0.1213988338],"iteration":555,"passed_time":1.7102283,"remaining_time":1.36572188},
{"learn":[0.1211910801],"iteration":556,"passed_time":1.713032314,"remaining_time":1.36242965},
{"learn":[0.121019668],"iteration":557,"passed_time":1.715769419,"remaining_time":1.359086171},
{"learn":[0.1208102881],"iteration":558,"passed_time":1.718819861,"remaining_time":1.355992055},
{"learn":[0.1206589042],"iteration":559,"passed_time":1.721905088,"remaining_time":1.352925426},
{"learn":[0.1204591348],"iteration":560,"passed_time":1.724739217,"remaining_time":1.349662239},
{"learn":[0.1202731872],"iteration":561,"passed_time":1.727501296,"remaining_time":1.346344426},
{"learn":[0.1200550742],"iteration":562,"passed_time":1.730360693,"remaining_time":1.343104126},
{"learn":[0.1197145509],"iteration":563,"passed_time":1.733082154,"remaining_time":1.339758545},
{"learn":[0.1196093252],"iteration":564,"passed_time":1.735900065,"remaining_time":1.336489431},
{"learn":[0.11945231],"iteration":565,"passed_time":1.738615055,"remaining_time":1.333142993},
{"learn":[0.119101456],"iteration":566,"passed_time":1.741380052,"remaining_time":1.329836971},
{"learn":[0.1187048519],"iteration":567,"passed_time":1.744326507,"remaining_time":1.326670864},
{"learn":[0.1184947361],"iteration":568,"passed_time":1.747082013,"remaining_time":1.323360892},
{"learn":[0.1183444585],"iteration":569,"passed_time":1.749720601,"remaining_time":1.319964664},
{"learn":[0.1181033896],"iteration":570,"passed_time":1.752464589,"remaining_time":1.316650278},
{"learn":[0.1178646283],"iteration":571,"passed_time":1.755164029,"remaining_time":1.313304553},
{"learn":[0.1177043378],"iteration":572,"passed_time":1.75773278,"remaining_time":1.309863695},
{"learn":[0.1174171429],"iteration":573,"passed_time":1.760491309,"remaining_time":1.30656672},
{"learn":[0.1172434724],"iteration":574,"passed_time":1.763070175,"remaining_time":1.303138825},
{"learn":[0.1171398091],"iteration":575,"passed_time":1.765652524,"remaining_time":1.299716441},
{"learn":[0.1168879631],"iteration":576,"passed_time":1.76863813,"remaining_time":1.296592598},
{"learn":[0.1166027728],"iteration":577,"passed_time":1.771387476,"remaining_time":1.293296738},
{"learn":[0.1164285161],"iteration":578,"passed_time":1.774115447,"remaining_time":1.289987225},
{"learn":[0.1162517159],"iteration":579,"passed_time":1.776946056,"remaining_time":1.286754041},
{"learn":[0.1160962963],"iteration":580,"passed_time":1.779507322,"remaining_time":1.283328},
{"learn":[0.1158409318],"iteration":581,"passed_time":1.782300847,"remaining_time":1.280071743},
{"learn":[0.1155884617],"iteration":582,"passed_time":1.785318671,"remaining_time":1.276977506},
{"learn":[0.1153032915],"iteration":583,"passed_time":1.787860003,"remaining_time":1.273544112},
{"learn":[0.1148753214],"iteration":584,"passed_time":1.790537064,"remaining_time":1.270210054},
{"learn":[0.1144100661],"iteration":585,"passed_time":1.79318483,"remaining_time":1.266857542},
{"learn":[0.1141892126],"iteration":586,"passed_time":1.795749873,"remaining_time":1.263449229},
{"learn":[0.1139558814],"iteration":587,"passed_time":1.798631902,"remaining_time":1.26026589},
{"learn":[0.1136979809],"iteration":588,"passed_time":1.801312,"remaining_time":1.256942669},
{"learn":[0.1134766401],"iteration":589,"passed_time":1.803846977,"remaining_time":1.253520781},
{"learn":[0.1131187157],"iteration":590,"passed_time":1.806850292,"remaining_time":1.250426006},
{"learn":[0.1127654747],"iteration":591,"passed_time":1.814412597,"remaining_time":1.250473546},
{"learn":[0.1125252111],"iteration":592,"passed_time":1.817026317,"remaining_time":1.247099007},
{"learn":[0.1123576928],"iteration":593,"passed_time":1.819546296,"remaining_time":1.243662956},
{"learn":[0.1121678958],"iteration":594,"passed_time":1.822294982,"remaining_time":1.24038566},
{"learn":[0.1119454115],"iteration":595,"passed_time":1.824999439,"remaining_time":1.237080157},
{"learn":[0.1117407287],"iteration":596,"passed_time":1.827615915,"remaining_time":1.233717276},
{"learn":[0.111628708],"iteration":597,"passed_time":1.830361763,"remaining_time":1.230443861},
{"learn":[0.1111957683],"iteration":598,"passed_time":1.83313404,"remaining_time":1.2271899},
{"learn":[0.1110384066],"iteration":599,"passed_time":1.835789119,"remaining_time":1.223859413},
{"learn":[0.110797679],"iteration":600,"passed_time":1.838519442,"remaining_time":1.220581127},
{"learn":[0.1107767733],"iteration":601,"passed_time":1.84109224,"remaining_time":1.217200518},
{"learn":[0.1106541757],"iteration":602,"passed_time":1.843671513,"remaining_time":1.21382685},
{"learn":[0.1105475557],"iteration":603,"passed_time":1.846259045,"remaining_time":1.210461228},
{"learn":[0.1103373227],"iteration":604,"passed_time":1.849001677,"remaining_time":1.207199442},
{"learn":[0.1101245943],"iteration":605,"passed_time":1.851578999,"remaining_time":1.20383189},
{"learn":[0.1099171861],"iteration":606,"passed_time":1.85443358,"remaining_time":1.200646453},
{"learn":[0.1097948901],"iteration":607,"passed_time":1.857046366,"remaining_time":1.19730621},
{"learn":[0.1095519542],"iteration":608,"passed_time":1.859531224,"remaining_time":1.193886221},
{"learn":[0.1091165981],"iteration":609,"passed_time":1.862116915,"remaining_time":1.190533766},
{"learn":[0.1089678948],"iteration":610,"passed_time":1.864754992,"remaining_time":1.187217171},
{"learn":[0.1088260635],"iteration":611,"passed_time":1.867283582,"remaining_time":1.183833382},
{"learn":[0.108570544],"iteration":612,"passed_time":1.869821884,"remaining_time":1.180458514},
{"learn":[0.1083294736],"iteration":613,"passed_time":1.872835244,"remaining_time":1.177385023},
{"learn":[0.1080584535],"iteration":614,"passed_time":1.87557149,"remaining_time":1.17413825},
{"learn":[0.1077010207],"iteration":615,"passed_time":1.878363672,"remaining_time":1.170928003},
{"learn":[0.1076100287],"iteration":616,"passed_time":1.881007872,"remaining_time":1.167627253},
{"learn":[0.1073396494],"iteration":617,"passed_time":1.883555324,"remaining_time":1.164268825},
{"learn":[0.1071303221],"iteration":618,"passed_time":1.886455956,"remaining_time":1.161130403},
{"learn":[0.1069367588],"iteration":619,"passed_time":1.889067222,"remaining_time":1.157815394},
{"learn":[0.1067529002],"iteration":620,"passed_time":1.891707635,"remaining_time":1.154520441},
{"learn":[0.1066022569],"iteration":621,"passed_time":1.894262898,"remaining_time":1.151175845},
{"learn":[0.1064577417],"iteration":622,"passed_time":1.896753559,"remaining_time":1.14779469},
{"learn":[0.1061910036],"iteration":623,"passed_time":1.899233993,"remaining_time":1.144410227},
{"learn":[0.1060421341],"iteration":624,"passed_time":1.902009784,"remaining_time":1.141205871},
{"learn":[0.1058853302],"iteration":625,"passed_time":1.904868506,"remaining_time":1.13805243},
{"learn":[0.105613047],"iteration":626,"passed_time":1.90735407,"remaining_time":1.13467794},
{"learn":[0.1052750758],"iteration":627,"passed_time":1.909872343,"remaining_time":1.131325655},
{"learn":[0.1050028254],"iteration":628,"passed_time":1.912364787,"remaining_time":1.127960789},
{"learn":[0.1048408003],"iteration":629,"passed_time":1.91482807,"remaining_time":1.124581565},
{"learn":[0.1046428027],"iteration":630,"passed_time":1.91732021,"remaining_time":1.12122212},
{"learn":[0.1043788633],"iteration":631,"passed_time":1.919861474,"remaining_time":1.117894023},
{"learn":[0.1041576898],"iteration":632,"passed_time":1.922368041,"remaining_time":1.114548295},
{"learn":[0.1039619475],"iteration":633,"passed_time":1.924913365,"remaining_time":1.111227589},
{"learn":[0.1036421696],"iteration":634,"passed_time":1.927733944,"remaining_time":1.108067543},
{"learn":[0.103360272],"iteration":635,"passed_time":1.93045584,"remaining_time":1.104852085},
{"learn":[0.1030256303],"iteration":636,"passed_time":1.933173778,"remaining_time":1.10163592},
{"learn":[0.1027644663],"iteration":637,"passed_time":1.936227191,"remaining_time":1.098611666},
{"learn":[0.1026083673],"iteration":638,"passed_time":1.938936168,"remaining_time":1.095392733},
{"learn":[0.1025132216],"iteration":639,"passed_time":1.941621247,"remaining_time":1.092161951},
{"learn":[0.1023151529],"iteration":640,"passed_time":1.944379931,"remaining_time":1.088974096},
{"learn":[0.1021577718],"iteration":641,"passed_time":1.946877758,"remaining_time":1.085642115},
{"learn":[0.1018646105],"iteration":642,"passed_time":1.949288279,"remaining_time":1.082264254},
{"learn":[0.101711372],"iteration":643,"passed_time":1.951954832,"remaining_time":1.079030932},
{"learn":[0.1015226242],"iteration":644,"passed_time":1.954509032,"remaining_time":1.075737529},
{"learn":[0.1013516762],"iteration":645,"passed_time":1.961983516,"remaining_time":1.07514267},
{"learn":[0.1010830571],"iteration":646,"passed_time":1.964474393,"remaining_time":1.071807513},
{"learn":[0.1009593772],"iteration":647,"passed_time":1.967136431,"remaining_time":1.068567938},
{"learn":[0.1008398985],"iteration":648,"passed_time":1.96987444,"remaining_time":1.06537123},
{"learn":[0.1007059308],"iteration":649,"passed_time":1.972736669,"remaining_time":1.062242822},
{"learn":[0.1005464323],"iteration":650,"passed_time":1.975173364,"remaining_time":1.058887103},
{"learn":[0.1003527789],"iteration":651,"passed_time":1.977871503,"remaining_time":1.055673747},
{"learn":[0.1000928016],"iteration":652,"passed_time":1.980437011,"remaining_time":1.05239149},
{"learn":[0.09979605213],"iteration":653,"passed_time":1.983142106,"remaining_time":1.049185273},
{"learn":[0.09951830746],"iteration":654,"passed_time":1.985800734,"remaining_time":1.045956112},
{"learn":[0.09944230195],"iteration":655,"passed_time":1.988578776,"remaining_time":1.042791309},
{"learn":[0.09923760875],"iteration":656,"passed_time":1.99144039,"remaining_time":1.039671315},
{"learn":[0.09906727394],"iteration":657,"passed_time":1.994160737,"remaining_time":1.036478681},
{"learn":[0.09880164594],"iteration":658,"passed_time":1.996715302,"remaining_time":1.033201697},
{"learn":[0.09854003523],"iteration":659,"passed_time":1.999372852,"remaining_time":1.029979954},
{"learn":[0.09838456076],"iteration":660,"passed_time":2.001866043,"remaining_time":1.026675626},
{"learn":[0.09818374263],"iteration":661,"passed_time":2.00443954,"remaining_time":1.02341475},
{"learn":[0.097962699],"iteration":662,"passed_time":2.007236156,"remaining_time":1.020269358},
{"learn":[0.09778173556],"iteration":663,"passed_time":2.009788182,"remaining_time":1.017001249},
{"learn":[0.09766455819],"iteration":664,"passed_time":2.012809594,"remaining_time":1.01397175},
{"learn":[0.09744553656],"iteration":665,"passed_time":2.015505271,"remaining_time":1.01077892},
{"learn":[0.0972810382],"iteration":666,"passed_time":2.018251649,"remaining_time":1.007612892},
{"learn":[0.09705429311],"iteration":667,"passed_time":2.020885598,"remaining_time":1.004392243},
{"learn":[0.09687503653],"iteration":668,"passed_time":2.023668512,"remaining_time":1.001247052},
{"learn":[0.09669378766],"iteration":669,"passed_time":2.026301738,"remaining_time":0.9980292141},
{"learn":[0.09646967516],"iteration":670,"passed_time":2.028870593,"remaining_time":0.9947815575},
{"learn":[0.09620706113],"iteration":671,"passed_time":2.031523578,"remaining_time":0.9915769847},
{"learn":[0.09608085769],"iteration":672,"passed_time":2.034042712,"remaining_time":0.9883090146},
{"learn":[0.095883256],"iteration":673,"passed_time":2.03665751,"remaining_time":0.9850895377},
{"learn":[0.09579923402],"iteration":674,"passed_time":2.039230711,"remaining_time":0.9818518239},
{"learn":[0.09550093684],"iteration":675,"passed_time":2.041951054,"remaining_time":0.9786866},
{"learn":[0.09534077741],"iteration":676,"passed_time":2.044537841,"remaining_time":0.9754589701},
{"learn":[0.09520485372],"iteration":677,"passed_time":2.047395603,"remaining_time":0.9723619237},
{"learn":[0.09512342633],"iteration":678,"passed_time":2.050090925,"remaining_time":0.9691887878},
{"learn":[0.09498504114],"iteration":679,"passed_time":2.052704,"remaining_time":0.9659783531},
{"learn":[0.09483569895],"iteration":680,"passed_time":2.055804824,"remaining_time":0.9629981479},
{"learn":[0.09463226057],"iteration":681,"passed_time":2.058689891,"remaining_time":0.9599169874},
{"learn":[0.09447946502],"iteration":682,"passed_time":2.06124636,"remaining_time":0.956683889},
{"learn":[0.09425926403],"iteration":683,"passed_time":2.06391667,"remaining_time":0.9535053623},
{"learn":[0.09408798426],"iteration":684,"passed_time":2.066721129,"remaining_time":0.950390008},
{"learn":[0.09388205447],"iteration":685,"passed_time":2.069218263,"remaining_time":0.9471348899},
{"learn":[0.09360190271],"iteration":686,"passed_time":2.072190676,"remaining_time":0.9440985175},
{"learn":[0.09343942589],"iteration":687,"passed_time":2.074988859,"remaining_time":0.94098332},
{"learn":[0.09320445834],"iteration":688,"passed_time":2.077487937,"remaining_time":0.9377340327},
{"learn":[0.09306743895],"iteration":689,"passed_time":2.080009703,"remaining_time":0.9344971131},
{"learn":[0.09289960583],"iteration":690,"passed_time":2.082452592,"remaining_time":0.9312269911},
{"learn":[0.09279892064],"iteration":691,"passed_time":2.084879096,"remaining_time":0.9279519678},
{"learn":[0.09249695232],"iteration":692,"passed_time":2.087486284,"remaining_time":0.924759436},
{"learn":[0.09225200988],"iteration":693,"passed_time":2.090150138,"remaining_time":0.9215935767},
{"learn":[0.09208438917],"iteration":694,"passed_time":2.092717787,"remaining_time":0.9183869423},
{"learn":[0.09186132945],"iteration":695,"passed_time":2.095289343,"remaining_time":0.9151838508},
{"learn":[0.09169424527],"iteration":696,"passed_time":2.097819839,"remaining_time":0.911964722},
{"learn":[0.09147589165],"iteration":697,"passed_time":2.100244146,"remaining_time":0.908701622},
{"learn":[0.09139908575],"iteration":698,"passed_time":2.102696021,"remaining_time":0.905452793},
{"learn":[0.09132460326],"iteration":699,"passed_time":2.105180184,"remaining_time":0.9022200787},
{"learn":[0.09112253018],"iteration":700,"passed_time":2.107999079,"remaining_time":0.8991322749},
{"learn":[0.09089888124],"iteration":701,"passed_time":2.110576246,"remaining_time":0.8959426228},
{"learn":[0.09073876862],"iteration":702,"passed_time":2.113087958,"remaining_time":0.8927270604},
{"learn":[0.09060970938],"iteration":703,"passed_time":2.11556606,"remaining_time":0.889499366},
{"learn":[0.09051018437],"iteration":704,"passed_time":2.118227075,"remaining_time":0.8863503361},
{"learn":[0.09031451075],"iteration":705,"passed_time":2.120687701,"remaining_time":0.8831192408},
{"learn":[0.09002739456],"iteration":706,"passed_time":2.123304538,"remaining_time":0.8799550631},
{"learn":[0.08995869864],"iteration":707,"passed_time":2.125734137,"remaining_time":0.8767152091},
{"learn":[0.08978988061],"iteration":708,"passed_time":2.128612554,"remaining_time":0.8736618522},
{"learn":[0.08968250769],"iteration":709,"passed_time":2.131072641,"remaining_time":0.8704381208},
{"learn":[0.08942710109],"iteration":710,"passed_time":2.133570861,"remaining_time":0.8672320377},
{"learn":[0.08935197162],"iteration":711,"passed_time":2.136140349,"remaining_time":0.8640567702},
{"learn":[0.08919878083],"iteration":712,"passed_time":2.138719733,"remaining_time":0.8608871857},
{"learn":[0.08909551228],"iteration":713,"passed_time":2.141182386,"remaining_time":0.8576724962},
{"learn":[0.08891831353],"iteration":714,"passed_time":2.143586904,"remaining_time":0.8544367379},
{"learn":[0.08865839873],"iteration":715,"passed_time":2.146085212,"remaining_time":0.851240503},
{"learn":[0.08856132958],"iteration":716,"passed_time":2.148565784,"remaining_time":0.8480392147},
{"learn":[0.08835047372],"iteration":717,"passed_time":2.151169227,"remaining_time":0.8448881922},
{"learn":[0.0881732801],"iteration":718,"passed_time":2.153662867,"remaining_time":0.8416957798},
{"learn":[0.08798922525],"iteration":719,"passed_time":2.156126216,"remaining_time":0.8384935284},
{"learn":[0.08788836351],"iteration":720,"passed_time":2.158712991,"remaining_time":0.8353410881},
{"learn":[0.08776007125],"iteration":721,"passed_time":2.161179731,"remaining_time":0.8321439961},
{"learn":[0.08759627526],"iteration":722,"passed_time":2.16381096,"remaining_time":0.8290119447},
{"learn":[0.08737467296],"iteration":723,"passed_time":2.166501676,"remaining_time":0.825903954},
{"learn":[0.08720996177],"iteration":724,"passed_time":2.169353475,"remaining_time":0.8228582145},
{"learn":[0.08705367757],"iteration":725,"passed_time":2.172018024,"remaining_time":0.8197423397},
{"learn":[0.08694153205],"iteration":726,"passed_time":2.174616013,"remaining_time":0.8166027117},
{"learn":[0.08690100896],"iteration":727,"passed_time":2.177140271,"remaining_time":0.8134370243},
{"learn":[0.08673880975],"iteration":728,"passed_time":2.179746481,"remaining_time":0.8103035616},
{"learn":[0.08652701346],"iteration":729,"passed_time":2.182267103,"remaining_time":0.8071398874},
{"learn":[0.08624169083],"iteration":730,"passed_time":2.18499394,"remaining_time":0.8040538575},
{"learn":[0.08610591658],"iteration":731,"passed_time":2.187687056,"remaining_time":0.800956463},
{"learn":[0.08602210701],"iteration":732,"passed_time":2.190247999,"remaining_time":0.7978120268},
{"learn":[0.08595741319],"iteration":733,"passed_time":2.193507017,"remaining_time":0.7949221613},
{"learn":[0.0857785906],"iteration":734,"passed_time":2.196472651,"remaining_time":0.7919255136},
{"learn":[0.08556658913],"iteration":735,"passed_time":2.199410925,"remaining_time":0.788919136},
{"learn":[0.08549264815],"iteration":736,"passed_time":2.202283575,"remaining_time":0.7858895252},
{"learn":[0.0854000687],"iteration":737,"passed_time":2.204975594,"remaining_time":0.7827962135},
{"learn":[0.08522681786],"iteration":738,"passed_time":2.207522379,"remaining_time":0.779652694},
{"learn":[0.08502983915],"iteration":739,"passed_time":2.210598761,"remaining_time":0.7766968619},
{"learn":[0.08493397615],"iteration":740,"passed_time":2.213152283,"remaining_time":0.7735579504},
{"learn":[0.08488521437],"iteration":741,"passed_time":2.215882714,"remaining_time":0.7704821297},
{"learn":[0.08466198178],"iteration":742,"passed_time":2.219099119,"remaining_time":0.7675753347},
{"learn":[0.08448373748],"iteration":743,"passed_time":2.221632525,"remaining_time":0.7644326967},
{"learn":[0.08434013046],"iteration":744,"passed_time":2.224474756,"remaining_time":0.7613973996},
{"learn":[0.08417453839],"iteration":745,"passed_time":2.227023763,"remaining_time":0.7582627825},
{"learn":[0.08402264607],"iteration":746,"passed_time":2.229620849,"remaining_time":0.7551460171},
{"learn":[0.08383168359],"iteration":747,"passed_time":2.232387458,"remaining_time":0.7520877534},
{"learn":[0.08372909227],"iteration":748,"passed_time":2.235054168,"remaining_time":0.7489967906},
{"learn":[0.08356645447],"iteration":749,"passed_time":2.237910024,"remaining_time":0.7459700081},
{"learn":[0.08340675696],"iteration":750,"passed_time":2.240666145,"remaining_time":0.7429106128},
{"learn":[0.08316938818],"iteration":751,"passed_time":2.243224926,"remaining_time":0.7397869437},
{"learn":[0.082885594],"iteration":752,"passed_time":2.245688338,"remaining_time":0.7366334919},
{"learn":[0.08273512693],"iteration":753,"passed_time":2.248453272,"remaining_time":0.7335802452},
{"learn":[0.08254756694],"iteration":754,"passed_time":2.251025183,"remaining_time":0.7304651257},
{"learn":[0.08243922317],"iteration":755,"passed_time":2.253549035,"remaining_time":0.7273359319},
{"learn":[0.08227920198],"iteration":756,"passed_time":2.25615924,"remaining_time":0.7242360572},
{"learn":[0.08218092458],"iteration":757,"passed_time":2.258718613,"remaining_time":0.7211212459},
{"learn":[0.08193179688],"iteration":758,"passed_time":2.261561368,"remaining_time":0.7180978785},
{"learn":[0.0817436852],"iteration":759,"passed_time":2.264165601,"remaining_time":0.7149996635},
{"learn":[0.08154621937],"iteration":760,"passed_time":2.266780087,"remaining_time":0.7119059669},
{"learn":[0.08140490499],"iteration":761,"passed_time":2.269393105,"remaining_time":0.7088130694},
{"learn":[0.08126866213],"iteration":762,"passed_time":2.27191373,"remaining_time":0.7056927314},
{"learn":[0.08116083519],"iteration":763,"passed_time":2.274390769,"remaining_time":0.7025604994},
{"learn":[0.08100966186],"iteration":764,"passed_time":2.276963729,"remaining_time":0.6994594462},
{"learn":[0.08086587813],"iteration":765,"passed_time":2.279469604,"remaining_time":0.6963392786},
{"learn":[0.08074128775],"iteration":766,"passed_time":2.281959231,"remaining_time":0.6932157769},
{"learn":[0.08056205256],"iteration":767,"passed_time":2.284787155,"remaining_time":0.6901961198},
{"learn":[0.08038947466],"iteration":768,"passed_time":2.287287126,"remaining_time":0.6870784474},
{"learn":[0.08017972119],"iteration":769,"passed_time":2.29012507,"remaining_time":0.6840633325},
{"learn":[0.08002016721],"iteration":770,"passed_time":2.292936712,"remaining_time":0.6810408652},
{"learn":[0.07984156839],"iteration":771,"passed_time":2.295662076,"remaining_time":0.6779934628},
{"learn":[0.07972447115],"iteration":772,"passed_time":2.298454029,"remaining_time":0.6749664482},
{"learn":[0.07953308151],"iteration":773,"passed_time":2.301358968,"remaining_time":0.6719730319},
{"learn":[0.07935228453],"iteration":774,"passed_time":2.303883163,"remaining_time":0.6688693055},
{"learn":[0.07922996645],"iteration":775,"passed_time":2.306959668,"remaining_time":0.665926502},
{"learn":[0.07906408136],"iteration":776,"passed_time":2.309508061,"remaining_time":0.6628317859},
{"learn":[0.07896274217],"iteration":777,"passed_time":2.312209441,"remaining_time":0.6597821283},
{"learn":[0.07885632561],"iteration":778,"passed_time":2.314994626,"remaining_time":0.6567571404},
{"learn":[0.07873726773],"iteration":779,"passed_time":2.317612265,"remaining_time":0.6536855106},
{"learn":[0.07858825248],"iteration":780,"passed_time":2.320184183,"remaining_time":0.6506022229},
{"learn":[0.0785210509],"iteration":781,"passed_time":2.323288091,"remaining_time":0.6476685471},
{"learn":[0.07832045373],"iteration":782,"passed_time":2.326018816,"remaining_time":0.644631013},
{"learn":[0.0781784231],"iteration":783,"passed_time":2.329171772,"remaining_time":0.6417105901},
{"learn":[0.07801534795],"iteration":784,"passed_time":2.3319135,"remaining_time":0.6386769458},
{"learn":[0.07789417744],"iteration":785,"passed_time":2.334517943,"remaining_time":0.6356066663},
{"learn":[0.07782671464],"iteration":786,"passed_time":2.337188333,"remaining_time":0.6325554193},
{"learn":[0.07762456751],"iteration":787,"passed_time":2.339817006,"remaining_time":0.6294939154},
{"learn":[0.0774848794],"iteration":788,"passed_time":2.342265453,"remaining_time":0.6263853113},
{"learn":[0.07733582405],"iteration":789,"passed_time":2.344889741,"remaining_time":0.623325121},
{"learn":[0.07724517341],"iteration":790,"passed_time":2.347680801,"remaining_time":0.6203100978},
{"learn":[0.07709258324],"iteration":791,"passed_time":2.351075935,"remaining_time":0.617454286},
{"learn":[0.07694897252],"iteration":792,"passed_time":2.353936838,"remaining_time":0.6144576615},
{"learn":[0.07680972397],"iteration":793,"passed_time":2.356774911,"remaining_time":0.6114554556},
{"learn":[0.07667739339],"iteration":794,"passed_time":2.359451699,"remaining_time":0.6084120733},
{"learn":[0.07646713333],"iteration":795,"passed_time":2.362116371,"remaining_time":0.6053665071},
{"learn":[0.07629127997],"iteration":796,"passed_time":2.365028197,"remaining_time":0.6023848481},
{"learn":[0.0761701995],"iteration":797,"passed_time":2.367775574,"remaining_time":0.5993617368},
{"learn":[0.07606359056],"iteration":798,"passed_time":2.370427889,"remaining_time":0.5963154014},
{"learn":[0.07574265308],"iteration":799,"passed_time":2.373181412,"remaining_time":0.5932953529},
{"learn":[0.07568089226],"iteration":800,"passed_time":2.375827414,"remaining_time":0.5902492576},
{"learn":[0.0754857549],"iteration":801,"passed_time":2.37934159,"remaining_time":0.5874184973},
{"learn":[0.07544283226],"iteration":802,"passed_time":2.382100868,"remaining_time":0.5844008357},
{"learn":[0.07526908467],"iteration":803,"passed_time":2.384795759,"remaining_time":0.5813681203},
{"learn":[0.07506794095],"iteration":804,"passed_time":2.387991514,"remaining_time":0.5784575718},
{"learn":[0.07502131477],"iteration":805,"passed_time":2.390499433,"remaining_time":0.5753807569},
{"learn":[0.07486356688],"iteration":806,"passed_time":2.393189763,"remaining_time":0.5723489767},
{"learn":[0.07474706745],"iteration":807,"passed_time":2.395714011,"remaining_time":0.5692785768},
{"learn":[0.07454887325],"iteration":808,"passed_time":2.398394719,"remaining_time":0.5662464664},
{"learn":[0.07440341997],"iteration":809,"passed_time":2.401266443,"remaining_time":0.5632600297},
{"learn":[0.07425723837],"iteration":810,"passed_time":2.403852471,"remaining_time":0.5602072958},
{"learn":[0.07410305271],"iteration":811,"passed_time":2.406425038,"remaining_time":0.5571525949},
{"learn":[0.07398621613],"iteration":812,"passed_time":2.408926085,"remaining_time":0.5540826296},
{"learn":[0.07389516425],"iteration":813,"passed_time":2.411645743,"remaining_time":0.551064015},
{"learn":[0.073623286],"iteration":814,"passed_time":2.414341944,"remaining_time":0.5480408095},
{"learn":[0.07351039341],"iteration":815,"passed_time":2.41703189,"remaining_time":0.5450169949},
{"learn":[0.07337039772],"iteration":816,"passed_time":2.419573857,"remaining_time":0.5419608517},
{"learn":[0.07322859519],"iteration":817,"passed_time":2.422237876,"remaining_time":0.5389331215},
{"learn":[0.07303469041],"iteration":818,"passed_time":2.424963878,"remaining_time":0.535919978},
{"learn":[0.0728113851],"iteration":819,"passed_time":2.427629833,"remaining_time":0.5328943537},
{"learn":[0.07268257757],"iteration":820,"passed_time":2.430216764,"remaining_time":0.5298523761},
{"learn":[0.07261660897],"iteration":821,"passed_time":2.432976785,"remaining_time":0.5268489876},
{"learn":[0.07252373114],"iteration":822,"passed_time":2.435460483,"remaining_time":0.5237867624},
{"learn":[0.07233668217],"iteration":823,"passed_time":2.43795883,"remaining_time":0.5207290706},
{"learn":[0.0722684007],"iteration":824,"passed_time":2.440680025,"remaining_time":0.5177200052},
{"learn":[0.07211642807],"iteration":825,"passed_time":2.443325841,"remaining_time":0.5146957583},
{"learn":[0.0719171349],"iteration":826,"passed_time":2.445846853,"remaining_time":0.5116463187},
{"learn":[0.07181761814],"iteration":827,"passed_time":2.448427043,"remaining_time":0.5086104485},
{"learn":[0.07167404235],"iteration":828,"passed_time":2.450982498,"remaining_time":0.5055705757},
{"learn":[0.07156337193],"iteration":829,"passed_time":2.453546024,"remaining_time":0.5025335229},
{"learn":[0.07147321824],"iteration":830,"passed_time":2.456580997,"remaining_time":0.4995934879},
{"learn":[0.07132595385],"iteration":831,"passed_time":2.459156314,"remaining_time":0.4965604095},
{"learn":[0.07119324773],"iteration":832,"passed_time":2.461704417,"remaining_time":0.4935229744},
{"learn":[0.07104669412],"iteration":833,"passed_time":2.464262932,"remaining_time":0.4904887851},
{"learn":[0.07086340855],"iteration":834,"passed_time":2.466810126,"remaining_time":0.487453498},
{"learn":[0.07064661843],"iteration":835,"passed_time":2.469440804,"remaining_time":0.4844357557},
{"learn":[0.07060386539],"iteration":836,"passed_time":2.471956349,"remaining_time":0.4813965171},
{"learn":[0.07050629688],"iteration":837,"passed_time":2.474578202,"remaining_time":0.4783790797},
{"learn":[0.07041670278],"iteration":838,"passed_time":2.477352418,"remaining_time":0.4753918228},
{"learn":[0.0703060214],"iteration":839,"passed_time":2.480108601,"remaining_time":0.4724016382},
{"learn":[0.0701648017],"iteration":840,"passed_time":2.482884872,"remaining_time":0.4694158081},
{"learn":[0.07005285079],"iteration":841,"passed_time":2.485571804,"remaining_time":0.4664137114},
{"learn":[0.06979945975],"iteration":842,"passed_time":2.488469439,"remaining_time":0.4634516037},
{"learn":[0.06961206974],"iteration":843,"passed_time":2.491157384,"remaining_time":0.4604508909},
{"learn":[0.06946268112],"iteration":844,"passed_time":2.494030181,"remaining_time":0.4574848261},
{"learn":[0.06926803823],"iteration":845,"passed_time":2.496657148,"remaining_time":0.4544742326},
{"learn":[0.06922032746],"iteration":846,"passed_time":2.499111576,"remaining_time":0.4514333779},
{"learn":[0.06909902684],"iteration":847,"passed_time":2.501929918,"remaining_time":0.4484591362},
{"learn":[0.06901651344],"iteration":848,"passed_time":2.50441589,"remaining_time":0.4454261477},
{"learn":[0.06885944764],"iteration":849,"passed_time":2.507421025,"remaining_time":0.4424860632},
{"learn":[0.06875286496],"iteration":850,"passed_time":2.509896182,"remaining_time":0.4394530331},
{"learn":[0.06867370574],"iteration":851,"passed_time":2.512321543,"remaining_time":0.4364126623},
{"learn":[0.06849330732],"iteration":852,"passed_time":2.514797161,"remaining_time":0.4333823946},
{"learn":[0.06844656989],"iteration":853,"passed_time":2.517225713,"remaining_time":0.4303453795},
{"learn":[0.0683490174],"iteration":854,"passed_time":2.519835595,"remaining_time":0.4273405395},
{"learn":[0.06820146506],"iteration":855,"passed_time":2.52248646,"remaining_time":0.4243435166},
{"learn":[0.06808596805],"iteration":856,"passed_time":2.525058278,"remaining_time":0.4213341118},
{"learn":[0.06795881985],"iteration":857,"passed_time":2.527995442,"remaining_time":0.4183861921},
{"learn":[0.06778625522],"iteration":858,"passed_time":2.530666151,"remaining_time":0.4153945603},
{"learn":[0.06768805281],"iteration":859,"passed_time":2.533290505,"remaining_time":0.4123961287},
{"learn":[0.06764447267],"iteration":860,"passed_time":2.536013777,"remaining_time":0.4094145354},
{"learn":[0.06752859097],"iteration":861,"passed_time":2.538643334,"remaining_time":0.4064185383},
{"learn":[0.06745921526],"iteration":862,"passed_time":2.541370105,"remaining_time":0.4034388231},
{"learn":[0.06732221752],"iteration":863,"passed_time":2.54418857,"remaining_time":0.4004741267},
{"learn":[0.06726741229],"iteration":864,"passed_time":2.546914812,"remaining_time":0.3974953752},
{"learn":[0.06713416377],"iteration":865,"passed_time":2.549621381,"remaining_time":0.3945141629},
{"learn":[0.06702829729],"iteration":866,"passed_time":2.55222897,"remaining_time":0.3915184002},
{"learn":[0.06691521979],"iteration":867,"passed_time":2.554901752,"remaining_time":0.3885334462},
{"learn":[0.06680065143],"iteration":868,"passed_time":2.557744622,"remaining_time":0.3855748509},
{"learn":[0.06670948375],"iteration":869,"passed_time":2.560498047,"remaining_time":0.3826031565},
{"learn":[0.0665613754],"iteration":870,"passed_time":2.56325339,"remaining_time":0.3796322472},
{"learn":[0.06652043338],"iteration":871,"passed_time":2.56595704,"remaining_time":0.3766542444},
{"learn":[0.06640646423],"iteration":872,"passed_time":2.568705596,"remaining_time":0.3736834029},
{"learn":[0.06631661964],"iteration":873,"passed_time":2.571464917,"remaining_time":0.3707146218},
{"learn":[0.0662302049],"iteration":874,"passed_time":2.574281327,"remaining_time":0.3677544753},
{"learn":[0.06614886803],"iteration":875,"passed_time":2.581940275,"remaining_time":0.3654801302},
{"learn":[0.06604151282],"iteration":876,"passed_time":2.584754749,"remaining_time":0.362514064},
{"learn":[0.06588249556],"iteration":877,"passed_time":2.587432052,"remaining_time":0.3595292829},
{"learn":[0.06570270342],"iteration":878,"passed_time":2.59008931,"remaining_time":0.356542442},
{"learn":[0.06553745333],"iteration":879,"passed_time":2.592782856,"remaining_time":0.3535612985},
{"learn":[0.06540473516],"iteration":880,"passed_time":2.595574674,"remaining_time":0.350594082},
{"learn":[0.06529411065],"iteration":881,"passed_time":2.598400539,"remaining_time":0.3476318181},
{"learn":[0.0651615636],"iteration":882,"passed_time":2.601244847,"remaining_time":0.344672307},
{"learn":[0.06506709077],"iteration":883,"passed_time":2.603985973,"remaining_time":0.3416995168},
{"learn":[0.06499080493],"iteration":884,"passed_time":2.607231836,"remaining_time":0.3387928375},
{"learn":[0.06486840336],"iteration":885,"passed_time":2.610318413,"remaining_time":0.3358648974},
{"learn":[0.06477303884],"iteration":886,"passed_time":2.613164724,"remaining_time":0.3329059908},
{"learn":[0.06466962747],"iteration":887,"passed_time":2.615698822,"remaining_time":0.3299079595},
{"learn":[0.06449529932],"iteration":888,"passed_time":2.618534455,"remaining_time":0.3269486215},
{"learn":[0.06433656933],"iteration":889,"passed_time":2.621178326,"remaining_time":0.3239658605},
{"learn":[0.06420876787],"iteration":890,"passed_time":2.623838387,"remaining_time":0.3209858408},
{"learn":[0.0640982874],"iteration":891,"passed_time":2.626847525,"remaining_time":0.3180488035},
{"learn":[0.06395165203],"iteration":892,"passed_time":2.630129365,"remaining_time":0.31514428},
{"learn":[0.06383088416],"iteration":893,"passed_time":2.63281328,"remaining_time":0.3121680175},
{"learn":[0.06368691082],"iteration":894,"passed_time":2.635770835,"remaining_time":0.3092245114},
{"learn":[0.06349020641],"iteration":895,"passed_time":2.638391146,"remaining_time":0.3062418295},
{"learn":[0.06345125551],"iteration":896,"passed_time":2.641031227,"remaining_time":0.3032622256},
{"learn":[0.06334813068],"iteration":897,"passed_time":2.643963449,"remaining_time":0.300316561},
{"learn":[0.06323131191],"iteration":898,"passed_time":2.646674606,"remaining_time":0.2973460903},
{"learn":[0.06312335587],"iteration":899,"passed_time":2.649743028,"remaining_time":0.294415892},
{"learn":[0.06299709465],"iteration":900,"passed_time":2.65286009,"remaining_time":0.2914907313},
{"learn":[0.06290081281],"iteration":901,"passed_time":2.655614184,"remaining_time":0.2885257096},
{"learn":[0.06279858213],"iteration":902,"passed_time":2.658541697,"remaining_time":0.2855797836},
{"learn":[0.06267798106],"iteration":903,"passed_time":2.661331319,"remaining_time":0.2826192551},
{"learn":[0.06252564226],"iteration":904,"passed_time":2.664318897,"remaining_time":0.2796798842},
{"learn":[0.06237314346],"iteration":905,"passed_time":2.667610206,"remaining_time":0.2767719199},
{"learn":[0.06228228691],"iteration":906,"passed_time":2.670344112,"remaining_time":0.2738059564},
{"learn":[0.06216219226],"iteration":907,"passed_time":2.673302514,"remaining_time":0.2708632503},
{"learn":[0.06204024061],"iteration":908,"passed_time":2.676281916,"remaining_time":0.267922612},
{"learn":[0.06190813514],"iteration":909,"passed_time":2.678981755,"remaining_time":0.2649542395},
{"learn":[0.0617163184],"iteration":910,"passed_time":2.682483694,"remaining_time":0.2620648175},
{"learn":[0.06160413814],"iteration":911,"passed_time":2.68521642,"remaining_time":0.25909983},
{"learn":[0.06151525428],"iteration":912,"passed_time":2.688195765,"remaining_time":0.2561588517},
{"learn":[0.06147752652],"iteration":913,"passed_time":2.691137562,"remaining_time":0.2532142564},
{"learn":[0.06130119658],"iteration":914,"passed_time":2.693955811,"remaining_time":0.2502581901},
{"learn":[0.06114120974],"iteration":915,"passed_time":2.696823029,"remaining_time":0.2473069153},
{"learn":[0.06103219717],"iteration":916,"passed_time":2.699706598,"remaining_time":0.2443573038},
{"learn":[0.06091379713],"iteration":917,"passed_time":2.702353489,"remaining_time":0.2413866951},
{"learn":[0.0608108776],"iteration":918,"passed_time":2.705183998,"remaining_time":0.2384329748},
{"learn":[0.06069892598],"iteration":919,"passed_time":2.708863825,"remaining_time":0.2355533761},
{"learn":[0.06060233379],"iteration":920,"passed_time":2.71189565,"remaining_time":0.2326164564},
{"learn":[0.06049162925],"iteration":921,"passed_time":2.719150266,"remaining_time":0.2300365735},
{"learn":[0.06039004066],"iteration":922,"passed_time":2.72206342,"remaining_time":0.2270843806},
{"learn":[0.06029326864],"iteration":923,"passed_time":2.724843887,"remaining_time":0.2241213587},
{"learn":[0.06014925587],"iteration":924,"passed_time":2.727607383,"remaining_time":0.2211573553},
{"learn":[0.06005556816],"iteration":925,"passed_time":2.730718363,"remaining_time":0.2182215539},
{"learn":[0.05991650941],"iteration":926,"passed_time":2.733621119,"remaining_time":0.215268977},
{"learn":[0.05983259446],"iteration":927,"passed_time":2.736567938,"remaining_time":0.2123199262},
{"learn":[0.05972679102],"iteration":928,"passed_time":2.739284232,"remaining_time":0.2093532621},
{"learn":[0.05965622233],"iteration":929,"passed_time":2.741931543,"remaining_time":0.2063819441},
{"learn":[0.05959333127],"iteration":930,"passed_time":2.744626988,"remaining_time":0.2034148896},
{"learn":[0.05949989465],"iteration":931,"passed_time":2.747482054,"remaining_time":0.200460064},
{"learn":[0.05941019132],"iteration":932,"passed_time":2.750200809,"remaining_time":0.1974956637},
{"learn":[0.05932332953],"iteration":933,"passed_time":2.752916387,"remaining_time":0.1945315648},
{"learn":[0.05915083928],"iteration":934,"passed_time":2.755742658,"remaining_time":0.1915756928},
{"learn":[0.05903160735],"iteration":935,"passed_time":2.758388395,"remaining_time":0.1886077535},
{"learn":[0.05889494537],"iteration":936,"passed_time":2.761264331,"remaining_time":0.1856559796},
{"learn":[0.05881498729],"iteration":937,"passed_time":2.764039276,"remaining_time":0.182697692},
{"learn":[0.05871068966],"iteration":938,"passed_time":2.767165131,"remaining_time":0.1797625911},
{"learn":[0.05857435666],"iteration":939,"passed_time":2.770232655,"remaining_time":0.176823361},
{"learn":[0.05851496123],"iteration":940,"passed_time":2.77291365,"remaining_time":0.1738596231},
{"learn":[0.05840824135],"iteration":941,"passed_time":2.775866716,"remaining_time":0.1709132373},
{"learn":[0.05830295301],"iteration":942,"passed_time":2.778643856,"remaining_time":0.1679562034},
{"learn":[0.05820913023],"iteration":943,"passed_time":2.781230485,"remaining_time":0.1649882491},
{"learn":[0.05808337515],"iteration":944,"passed_time":2.784473244,"remaining_time":0.1620592893},
{"learn":[0.05795002721],"iteration":945,"passed_time":2.787315972,"remaining_time":0.1591068314},
{"learn":[0.05789821732],"iteration":946,"passed_time":2.789819391,"remaining_time":0.1561356153},
{"learn":[0.05779175151],"iteration":947,"passed_time":2.792590136,"remaining_time":0.1531800496},
{"learn":[0.05770111571],"iteration":948,"passed_time":2.795326081,"remaining_time":0.1502230033},
{"learn":[0.05763938645],"iteration":949,"passed_time":2.797999437,"remaining_time":0.1472631283},
{"learn":[0.05756668768],"iteration":950,"passed_time":2.800923159,"remaining_time":0.1443167558},
{"learn":[0.05748592749],"iteration":951,"passed_time":2.803828943,"remaining_time":0.1413695266},
{"learn":[0.05741377968],"iteration":952,"passed_time":2.806480552,"remaining_time":0.1384098489},
{"learn":[0.05730249038],"iteration":953,"passed_time":2.809445887,"remaining_time":0.1354659442},
{"learn":[0.05717357525],"iteration":954,"passed_time":2.812325173,"remaining_time":0.1325179401},
{"learn":[0.05702430365],"iteration":955,"passed_time":2.815530843,"remaining_time":0.1295851016},
{"learn":[0.05695157323],"iteration":956,"passed_time":2.81846263,"remaining_time":0.1266393867},
{"learn":[0.05684042144],"iteration":957,"passed_time":2.821189103,"remaining_time":0.1236846997},
{"learn":[0.05676088795],"iteration":958,"passed_time":2.824200707,"remaining_time":0.1207426788},
{"learn":[0.05667712383],"iteration":959,"passed_time":2.826997615,"remaining_time":0.1177915673},
{"learn":[0.0565132806],"iteration":960,"passed_time":2.829615036,"remaining_time":0.1148334926},
{"learn":[0.05640747928],"iteration":961,"passed_time":2.833254477,"remaining_time":0.111916497},
{"learn":[0.05628040278],"iteration":962,"passed_time":2.835957808,"remaining_time":0.1089620341},
{"learn":[0.05621098719],"iteration":963,"passed_time":2.838668623,"remaining_time":0.1060083718},
{"learn":[0.05613997056],"iteration":964,"passed_time":2.842032416,"remaining_time":0.1030788959},
{"learn":[0.05605661086],"iteration":965,"passed_time":2.844799463,"remaining_time":0.1001275173},
{"learn":[0.05592448102],"iteration":966,"passed_time":2.847835494,"remaining_time":0.0971856994},
{"learn":[0.05574878465],"iteration":967,"passed_time":2.85061512,"remaining_time":0.09423521058},
{"learn":[0.05569361675],"iteration":968,"passed_time":2.853733243,"remaining_time":0.09129590354},
{"learn":[0.05557206337],"iteration":969,"passed_time":2.857210804,"remaining_time":0.08836734447},
{"learn":[0.05546803149],"iteration":970,"passed_time":2.860349087,"remaining_time":0.08542752166},
{"learn":[0.05533830701],"iteration":971,"passed_time":2.863760114,"remaining_time":0.08249514731},
{"learn":[0.05524646785],"iteration":972,"passed_time":2.868135552,"remaining_time":0.07958855076},
{"learn":[0.05510052362],"iteration":973,"passed_time":2.899287039,"remaining_time":0.07739369918},
{"learn":[0.05503374292],"iteration":974,"passed_time":2.902196619,"remaining_time":0.07441529792},
{"learn":[0.05496602689],"iteration":975,"passed_time":2.904863737,"remaining_time":0.07143107551},
{"learn":[0.05489279911],"iteration":976,"passed_time":2.907605982,"remaining_time":0.06844927082},
{"learn":[0.0547957732],"iteration":977,"passed_time":2.910507738,"remaining_time":0.0654715442},
{"learn":[0.05471289757],"iteration":978,"passed_time":2.913742611,"remaining_time":0.06250111831},
{"learn":[0.0546164997],"iteration":979,"passed_time":2.916531379,"remaining_time":0.05952104856},
{"learn":[0.05450751301],"iteration":980,"passed_time":2.919392135,"remaining_time":0.05654276306},
{"learn":[0.05437670542],"iteration":981,"passed_time":2.922016953,"remaining_time":0.05356039221},
{"learn":[0.05425455358],"iteration":982,"passed_time":2.924666594,"remaining_time":0.05057917813},
{"learn":[0.05419058758],"iteration":983,"passed_time":2.927402342,"remaining_time":0.04760003808},
{"learn":[0.05407261721],"iteration":984,"passed_time":2.930064121,"remaining_time":0.0446202658},
{"learn":[0.05401153122],"iteration":985,"passed_time":2.932796132,"remaining_time":0.04164213574},
{"learn":[0.05390941765],"iteration":986,"passed_time":2.93568817,"remaining_time":0.03866661217},
{"learn":[0.05377304358],"iteration":987,"passed_time":2.93871107,"remaining_time":0.035692847},
{"learn":[0.05369833678],"iteration":988,"passed_time":2.9413346,"remaining_time":0.03271454054},
{"learn":[0.05363908178],"iteration":989,"passed_time":2.944215912,"remaining_time":0.02973955466},
{"learn":[0.05355213551],"iteration":990,"passed_time":2.947414677,"remaining_time":0.02676764086},
{"learn":[0.05349898188],"iteration":991,"passed_time":2.950273037,"remaining_time":0.02379252449},
{"learn":[0.05339092607],"iteration":992,"passed_time":2.953123965,"remaining_time":0.02081759089},
{"learn":[0.05331264038],"iteration":993,"passed_time":2.956211377,"remaining_time":0.01784433427},
{"learn":[0.05322192194],"iteration":994,"passed_time":2.959450293,"remaining_time":0.01487160951},
{"learn":[0.05313808265],"iteration":995,"passed_time":2.962228787,"remaining_time":0.01189650115},
{"learn":[0.05307979017],"iteration":996,"passed_time":2.964852902,"remaining_time":0.008921322673},
{"learn":[0.05300126105],"iteration":997,"passed_time":2.967560793,"remaining_time":0.005947015617},
{"learn":[0.05287018832],"iteration":998,"passed_time":2.970550353,"remaining_time":0.002973523877},
{"learn":[0.0527594215],"iteration":999,"passed_time":2.973411333,"remaining_time":0}
]}